PersonUrn,Label,Description,Status,Redirect
urn:cite:hmt:pers.pers1,Achilles,"hero of the Iliad, greatest warrior of the Greeks at Troy",proposed,
urn:cite:hmt:pers.pers2,Lycomedes,"king of Scyros, father-in-law to Achilles",proposed,
urn:cite:hmt:pers.pers3,Glaucon,"of Tarsus, writer on Homer",proposed,
urn:cite:hmt:pers.pers4,Hesiod,"early Greek poet, author of the Theogony and the Works and Days",proposed,
urn:cite:hmt:pers.pers5,Pindar,one of the nine lyric poets,proposed,
urn:cite:hmt:pers.pers6,Muse,goddesses of knowledge and inspiration,proposed,
urn:cite:hmt:pers.pers7,Antimachus,poet and grammarian 400BC,proposed,
urn:cite:hmt:pers.pers8,Zeus,king of the gods,proposed,
urn:cite:hmt:pers.pers9,Xuthus,"son of Hellen and Orseis, ancestor of Achaeans and Ionians",proposed,
urn:cite:hmt:pers.pers10,Creusa,Xuthus' wife,proposed,
urn:cite:hmt:pers.pers11,Erechtheus,archaic king of Athens,proposed,
urn:cite:hmt:pers.pers12,Ion,son of Xuthus,proposed,
urn:cite:hmt:pers.pers13,Achaeus,son of Xuthus,proposed,
urn:cite:hmt:pers.pers14,Hellen,son of Deucalion,proposed,
urn:cite:hmt:pers.pers15,Zenodotus,"Hellenistic Homeric scholar, first librarian of the Library of Alexandria",proposed,
urn:cite:hmt:pers.pers16,Aristarchus,"of Samothrace, Hellenistic Homeric scholar",proposed,
urn:cite:hmt:pers.pers17,Homer,"early Greek poet, authorship of the Iliad and Odyssey to him",proposed,
urn:cite:hmt:pers.pers18,Momus,"God of satire, mockery, poets etc.",proposed,
urn:cite:hmt:pers.pers19,Thetis,sea goddess and mother of Achilles,proposed,
urn:cite:hmt:pers.pers20,Stasinus,author of Cypria,proposed,
urn:cite:hmt:pers.pers21,Aristophanes,"of Byzantium, Homeric scholar",proposed,
urn:cite:hmt:pers.pers22,Agamemnon,leader of the Greek forces at Troy,proposed,
urn:cite:hmt:pers.pers23,Atreus,father of Agamemnon and Menelaus,proposed,
urn:cite:hmt:pers.pers24,Pelops,father of Atreus,proposed,
urn:cite:hmt:pers.pers25,Aerope,wife of Atreus,proposed,
urn:cite:hmt:pers.pers26,Pleisthenes,son of Atreus (not Aerope),proposed,
urn:cite:hmt:pers.pers27,Aegisthus,son of Thyestes,proposed,
urn:cite:hmt:pers.pers28,Thyestes,brother of Atreus,proposed,
urn:cite:hmt:pers.pers29,Clytemnestra,wife of Agamemnon,proposed,
urn:cite:hmt:pers.pers30,Orestes,son of Agamemnon and Clytemnestra,proposed,
urn:cite:hmt:pers.pers31,Laodike,"In later tradition renamed Electra, daughter of Agamemnon",proposed,
urn:cite:hmt:pers.pers32,Chrysothemis,daughter of Agamemnon,proposed,
urn:cite:hmt:pers.pers33,Iphigenia,daughter of Agamemnon,proposed,
urn:cite:hmt:pers.pers34,Electra,daughter of Agamenon,proposed,
urn:cite:hmt:pers.pers35,Leto,"Titan, mother of Apollo and Artemis",proposed,
urn:cite:hmt:pers.pers36,Coeus,"Titan, father of Leto",proposed,
urn:cite:hmt:pers.pers37,Titans,"gods, descendents of Gaia and Uranus",proposed,
urn:cite:hmt:pers.pers38,Phoebe,"Titan, mother of Leto",proposed,
urn:cite:hmt:pers.pers39,Artemis,goddess of the hunt and childbirth,proposed,
urn:cite:hmt:pers.pers40,Apollo,god of prophecy and archery,proposed,
urn:cite:hmt:pers.pers41,Ladon,father of Daphne,proposed,
urn:cite:hmt:pers.pers42,Daphne,"nymph courted by Apollo, turned into the laurel tree",proposed,
urn:cite:hmt:pers.pers43,Gaea,the Protogenos of earth,proposed,
urn:cite:hmt:pers.pers44,Chryses,priest of Apollo,proposed,
urn:cite:hmt:pers.pers45,Adrastus,king of Thebes,proposed,
urn:cite:hmt:pers.pers46,Tantalus,"inhabitant of Tartarus, always tempted with but denied sustenance",proposed,
urn:cite:hmt:pers.pers47,Poseidon,god of the sea and earthquakes,proposed,
urn:cite:hmt:pers.pers48,Hippodamia,wife of Pelops,proposed,
urn:cite:hmt:pers.pers49,Oenomaus,father of Hippodamia,proposed,
urn:cite:hmt:pers.pers50,Cillus,"aka Sphaerus, Oenomaus' charioteer",proposed,
urn:cite:hmt:pers.pers51,Theopompus,Greek historian c.300BC,proposed,
urn:cite:hmt:pers.pers52,Cycnus,father of Tennes,proposed,
urn:cite:hmt:pers.pers53,Tennes,King of Tenedos,proposed,
urn:cite:hmt:pers.pers54,Leucothea,mother of Tennes,proposed,
urn:cite:hmt:pers.pers55,Philonome,second wife of Cycnus,proposed,
urn:cite:hmt:pers.pers56,Crinis,priest of Apollo,proposed,
urn:cite:hmt:pers.pers57,Ordes,the archshepard in the Sminthean myth,proposed,
urn:cite:hmt:pers.pers58,Polemon,"Platonist philospher, early 200s BC",proposed,
urn:cite:hmt:pers.pers59,Dionysus,god of wine and drama,proposed,
urn:cite:hmt:pers.pers60,Agenor,Phoenician king of Tyre,proposed,
urn:cite:hmt:pers.pers61,Libya,mother of Belus and Agenor,proposed,
urn:cite:hmt:pers.pers62,Belus,King of Egypt,proposed,
urn:cite:hmt:pers.pers63,Anchinoe,wife of Belus,proposed,
urn:cite:hmt:pers.pers64,Neilus,"Nile River, father of Achinoe",proposed,
urn:cite:hmt:pers.pers65,Aegyptus,"son of Belus, King of Egypt",proposed,
urn:cite:hmt:pers.pers66,Danaus,"son of Belus, founder of Argos",proposed,
urn:cite:hmt:pers.pers67,Athena,goddess of war and crafts,proposed,
urn:cite:hmt:pers.pers68,Ellanor,possibly better known as Gelanor,proposed,
urn:cite:hmt:pers.pers69,Apollodorus,"of Athens, Greek historian,mythographers, and grammarian 2nd century BC",proposed,
urn:cite:hmt:pers.pers70,Telephus,son of Heracles,proposed,
urn:cite:hmt:pers.pers71,Heracles,"aka Hercules, son of Zeus, completed twelve labors",proposed,
urn:cite:hmt:pers.pers72,Auge,mother of Telephus,proposed,
urn:cite:hmt:pers.pers73,Aleus,father of Auge,proposed,
urn:cite:hmt:pers.pers74,Calchas,"son of Thestor, seer of the Greeks at Troy",proposed,
urn:cite:hmt:pers.pers75,Herodianus,REJECTED,rejected,
urn:cite:hmt:pers.pers76,Nicanor,Stigmatias,proposed,
urn:cite:hmt:pers.pers77,Porphyry,"of Tyre, philosopher",proposed,
urn:cite:hmt:pers.pers78,Licymnius,"Father of Argeius and Oeonus, brother of Alcm?na, slain by Tlepolemus, friend of one of Heracles' sons",proposed,
urn:cite:hmt:pers.pers79,Laomedon,"Trojan king, father of Priam",proposed,
urn:cite:hmt:pers.pers80,Hesione,Trojan princess,proposed,
urn:cite:hmt:pers.pers81,Argeius,son of Licymnius,proposed,
urn:cite:hmt:pers.pers82,Oeonus,son of Licymnius,proposed,
urn:cite:hmt:pers.pers83,Ares,"god of war, often refered to as Enyalius",proposed,
urn:cite:hmt:pers.pers84,Comanus,"of Naucratis, grammarian",proposed,
urn:cite:hmt:pers.pers85,Rhianus,"of Crete, poet and grammarian, late 3rd century BC",proposed,
urn:cite:hmt:pers.pers86,Callimachus,"Alexandria scholar, early 3rd century BC",proposed,
urn:cite:hmt:pers.pers87,Aesepus,river near the town Aesepus,proposed,
urn:cite:hmt:pers.pers88,Apollonius,of Rhodes,proposed,
urn:cite:hmt:pers.pers89,Machaon,"physician on the Greek side, son of Ascleipius",proposed,
urn:cite:hmt:pers.pers90,Dictys,Dictys Cretensis,proposed,
urn:cite:hmt:pers.pers91,Tyndareus,"Spartan king, father of Helen",proposed,
urn:cite:hmt:pers.pers92,Leda,wife of Tyndareus,proposed,
urn:cite:hmt:pers.pers93,Thestius,father of Leda,proposed,
urn:cite:hmt:pers.pers94,Helen,"wife of Menelaus, abducted by Paris",proposed,
urn:cite:hmt:pers.pers95,Elpenor,comrade of Odysseus,proposed,
urn:cite:hmt:pers.pers96,Circe,witch who turns Odysseus and comrades into animals,proposed,
urn:cite:hmt:pers.pers97,Euripides,Greek tragedian,proposed,
urn:cite:hmt:pers.pers98,Ptolemy,son of Oroandes,proposed,
urn:cite:hmt:pers.pers99,Prometheus,"stole fire from the gods, liver eaten daily by a bird",proposed,
urn:cite:hmt:pers.pers100,Deucalion,son of Promethus,proposed,
urn:cite:hmt:pers.pers101,Pyrrha,daughter of Epimetheus and Pandora,proposed,
urn:cite:hmt:pers.pers102,Epimetheus,brother of Prometheus,proposed,
urn:cite:hmt:pers.pers103,Pandora,"first woman, unleashed all evils upon man",proposed,
urn:cite:hmt:pers.pers104,Hermes,messenger of the gods,proposed,
urn:cite:hmt:pers.pers105,Tyrannion,Greek grammarian,proposed,
urn:cite:hmt:pers.pers106,Zoilus,"Greek grammarian, 4th century BCE",proposed,
urn:cite:hmt:pers.pers107,Chrysippus,"of Soli (the Stoic), 3rd century BCE",proposed,
urn:cite:hmt:pers.pers108,Chryseis,also called Astynome,proposed,
urn:cite:hmt:pers.pers109,Lycophron,tragic poet and grammarian,proposed,
urn:cite:hmt:pers.pers110,Alexander,of Cotiaeum,proposed,
urn:cite:hmt:pers.pers111,Scamander,"river god on the Trojan side, called Xanthus by the gods",proposed,
urn:cite:hmt:pers.pers112,Sosigenes,"the Peripatetic, believed to have created an edition of Homer",proposed,
urn:cite:hmt:pers.pers113,Briseis,slave girl of Achilles,proposed,
urn:cite:hmt:pers.pers114,Polyboea,see Philonome,proposed,
urn:cite:hmt:pers.pers115,Cheiron,"the centaur, teacher of Achilles",proposed,
urn:cite:hmt:pers.pers116,Hera,"queen of the gods, goddess of marriage",proposed,
urn:cite:hmt:pers.pers117,Nestor,"son of Neleus, oldest man among the Greeks at Troy",proposed,
urn:cite:hmt:pers.pers118,Odysseus,"hero of the Odyssey, inventor of the Trojan horse",proposed,
urn:cite:hmt:pers.pers119,Menelaus,"king of Sparta, brother of Agamemnon",proposed,
urn:cite:hmt:pers.pers120,Aegialeus,"ruler of a district of the Peleponnese called Aegialeus, founder of Aegialea",proposed,
urn:cite:hmt:pers.pers121,Inachus,"river god, father of Aegialeus",proposed,
urn:cite:hmt:pers.pers122,Melia,wife of Inachus,proposed,
urn:cite:hmt:pers.pers123,Oceanus,father of Melia,proposed,
urn:cite:hmt:pers.pers124,Apis,King of Argos,proposed,
urn:cite:hmt:pers.pers125,Phoroneus,father of Apis,proposed,
urn:cite:hmt:pers.pers126,Argus,hundred-eyed giant,proposed,
urn:cite:hmt:pers.pers127,Ajax,son of Telamon (Great),proposed,
urn:cite:hmt:pers.pers128,Centauros,"son of Ixion, ancestor of the Centaurs",proposed,
urn:cite:hmt:pers.pers129,Paris,also called Alexander,proposed,
urn:cite:hmt:pers.pers130,Aegina,nymph of the island Aegina,proposed,
urn:cite:hmt:pers.pers131,Aeacus,"son of Zeus and Aegina, father of Peleus",proposed,
urn:cite:hmt:pers.pers132,Asopus,Aegina's father,proposed,
urn:cite:hmt:pers.pers133,Sisyphus,"inhabitant of Tartarus, always pushes up a boulder that rolls back down",proposed,
urn:cite:hmt:pers.pers134,Amalthea,she-goat nurse of Zeus,proposed,
urn:cite:hmt:pers.pers135,Metis,"titan of wisdom, mother of Athena",proposed,
urn:cite:hmt:pers.pers136,Seleucus,"Nicator, late 4th-early 3rd century BCE",proposed,
urn:cite:hmt:pers.pers137,Plato,founder of the Academy,proposed,
urn:cite:hmt:pers.pers138,Alkmin,"son of Amphiareus, one of the Epigonoi",proposed,
urn:cite:hmt:pers.pers139,Cronus,"Kronos, titan of time, father of Zeus",proposed,
urn:cite:hmt:pers.pers140,Lycaon,son of Priam,proposed,
urn:cite:hmt:pers.pers141,Philoxenus,Greek dithyrambic poet,proposed,
urn:cite:hmt:pers.pers142,Aeneas,"Trojan prince, hero of the Aeneid",proposed,
urn:cite:hmt:pers.pers143,Hecamede,"daughter of Arsinus, Nestor's captive",proposed,
urn:cite:hmt:pers.pers144,Merops,a seer and king of Percote (allies of Troy),proposed,
urn:cite:hmt:pers.pers145,Priam,"king of Troy, father of Hector and Paris",proposed,
urn:cite:hmt:pers.pers146,Hyperion,"titan of light, father of Helius",proposed,
urn:cite:hmt:pers.pers147,Helius,"titan of the sun, son of Hyperion",proposed,
urn:cite:hmt:pers.pers148,Pirithous,King of the Lapiths,proposed,
urn:cite:hmt:pers.pers149,Exadius,one of the Lapiths,proposed,
urn:cite:hmt:pers.pers150,Oileus,father of Ajax (the lesser),proposed,
urn:cite:hmt:pers.pers151,Ixion,"one of the Lapiths, inhabitant of Tartarus, always spins on a fiery wheel",proposed,
urn:cite:hmt:pers.pers152,Hippodamia,wife of Pirithous,proposed,
urn:cite:hmt:pers.pers153,Caeneus,one of the Lapiths,proposed,
urn:cite:hmt:pers.pers154,Elatus,one of the Lapiths,proposed,
urn:cite:hmt:pers.pers155,Phlegyas,"son of Ares, king of the Lapiths",proposed,
urn:cite:hmt:pers.pers156,Eris,"personification of strife, threw the golden apple",proposed,
urn:cite:hmt:pers.pers157,Cydoemus,personification of confusion in battle,proposed,
urn:cite:hmt:pers.pers158,Patroclus,"son of Menoetius, comrade of Achilles",proposed,
urn:cite:hmt:pers.pers159,Talthybius,a herald of Agamemnon,proposed,
urn:cite:hmt:pers.pers160,Eurybates,a herald of Agamemnon,proposed,
urn:cite:hmt:pers.pers161,Pulaimenes,"king of the Paphlagonians, Trojan ally",proposed,
urn:cite:hmt:pers.pers162,Eteonus,"son of Boethous, companion of Menelaus",proposed,
urn:cite:hmt:pers.pers163,Aristonicus,of Alexandria,proposed,
urn:cite:hmt:pers.pers164,Pandrosus,daughter of Cecrops,proposed,
urn:cite:hmt:pers.pers165,Cecrops,mythical king of Athens,proposed,
urn:cite:hmt:pers.pers166,Ceryx,son of Pandrosus and Hermes,proposed,
urn:cite:hmt:pers.pers167,Clio,muses of history,proposed,
urn:cite:hmt:pers.pers168,Nereus,shapeshifting sea god,proposed,
urn:cite:hmt:pers.pers169,Pamphilus,of Alexandria,proposed,
urn:cite:hmt:pers.pers170,Eetion,"king of Thebe in the Troad, father of Andromache",proposed,
urn:cite:hmt:pers.pers171,Andromache,wife of Hector,proposed,
urn:cite:hmt:pers.pers172,Hector,"Trojan prince, greatest of the warriors of Troy",proposed,
urn:cite:hmt:pers.pers173,Hyas,seems to be father of Merops?,proposed,
urn:cite:hmt:pers.pers174,Briareus,"also called Aegaeon, one of the hundred-handed giants",proposed,
urn:cite:hmt:pers.pers175,Didymus,Didymus Chalcenterus,proposed,
urn:cite:hmt:pers.pers176,Posidonius,"The stoic",proposed,
urn:cite:hmt:pers.pers177,Memnon,"Ethiopian king, Trojan ally",proposed,
urn:cite:hmt:pers.pers178,Sophocles,greek Tragedian,proposed,
urn:cite:hmt:pers.pers179,Dia,Ixion's wife,proposed,
urn:cite:hmt:pers.pers180,Ganymedes,lover of Zeus and cup-bearer of the gods,proposed,
urn:cite:hmt:pers.pers181,Hebe,goddess of youth and cup-bearer of the gods,proposed,
urn:cite:hmt:pers.pers182,Orus,of Alexandria,proposed,
urn:cite:hmt:pers.pers183,Theophrastus,head of the Peripatetic school after Aristotle,proposed,
urn:cite:hmt:pers.pers184,Peleus,father of Achilles,proposed,
urn:cite:hmt:pers.pers185,Philitas,"of Cos, Alexandrian scholar, Greek poet",proposed,
urn:cite:hmt:pers.pers186,Phidias,Greek sculptor,proposed,
urn:cite:hmt:pers.pers187,Altes,king of the Leleges,proposed,
urn:cite:hmt:pers.pers188,Lycurgus,"of Sparta, legendary lawgiver",proposed,
urn:cite:hmt:pers.pers189,Proteus,an old shapeshifting sea-god,proposed,
urn:cite:hmt:pers.pers190,Phorcys,"sea-god, father of the Phorcydes",proposed,
urn:cite:hmt:pers.pers191,Callistratus,Alexandrian poet and grammarian,proposed,
urn:cite:hmt:pers.pers192,Hephaestus,god of fire and metallurgy,proposed,
urn:cite:hmt:pers.pers193,Graces,group of three goddesses,proposed,
urn:cite:hmt:pers.pers194,Aphrodite,"goddess of love, also called, Venus and Cypris",proposed,
urn:cite:hmt:pers.pers195,Sarpedon,"son of Zeus, king of Lycia (allies of Troy), slain by Patroclus",proposed,
urn:cite:hmt:pers.pers196,Zethus,"son of Zeus by Antiope, twin of Amphion",proposed,
urn:cite:hmt:pers.pers197,Amphion,"son of Zeus by Antiope, twin of Zethus",proposed,
urn:cite:hmt:pers.pers198,Minos,"king of Crete, father of Ariadne",proposed,
urn:cite:hmt:pers.pers199,Rhadamanthys,"son of Zeus by Europa, renowned for wisdom and justice",proposed,
urn:cite:hmt:pers.pers200,Perseus,hero who slew Medusa and saved Andromeda,proposed,
urn:cite:hmt:pers.pers201,Hades,god of the underworld,proposed,
urn:cite:hmt:pers.pers202,Ephialtes,"son of Poseidon, one of the Aloadae, brother of Otus",proposed,
urn:cite:hmt:pers.pers203,Otus,"son of Poseidon, one of the Aloadae, brother of Ephialtes",proposed,
urn:cite:hmt:pers.pers204,Neleus,"son of Poseidon, father of Nestor",proposed,
urn:cite:hmt:pers.pers205,Aeolus,"son of Hellen and Orseis, father of Xuthus",proposed,
urn:cite:hmt:pers.pers206,Dryops,"son of Priam, slain by Achilles",proposed,
urn:cite:hmt:pers.pers207,Theagenes,"of Rhegium, 6th c. BC literary critic",proposed,
urn:cite:hmt:pers.pers208,Rhea,mother of Zeus et al.,proposed,
urn:cite:hmt:pers.pers209,Hestia,goddess of the hearth,proposed,
urn:cite:hmt:pers.pers210,Demeter,goddess of grain,proposed,
urn:cite:hmt:pers.pers211,Dionysius,Thrax,proposed,
urn:cite:hmt:pers.pers212,Merion,"son of Molus, Cretan charioteer of Idomeneus",proposed,
urn:cite:hmt:pers.pers213,Aegeus,"father of Theseus, archaic king of Athens",proposed,
urn:cite:hmt:pers.pers214,Typhon,"son of Gaia, Father of All Monsters",proposed,
urn:cite:hmt:pers.pers215,Diomedes,king of Argos,proposed,
urn:cite:hmt:pers.pers216,Pandarus,"Trojan archer, son of Lycaon",proposed,
urn:cite:hmt:pers.pers217,Automedon,"son of Diores, charioteer of Achilles",proposed,
urn:cite:hmt:pers.pers218,Alcimedon,"son of Laerceus, one of the commanders of the Myrmidons under Patroclus",proposed,
urn:cite:hmt:pers.pers219,Enyo,"personification of battle, companion of Ares",proposed,
urn:cite:hmt:pers.pers220,Tros,ancestor of the Trojans,proposed,
urn:cite:hmt:pers.pers221,Parmeniscus,pupil of Aristarchus,proposed,
urn:cite:hmt:pers.pers222,Thoas,Trojan slain by Menelaus,proposed,
urn:cite:hmt:pers.pers223,Dares,priest of Hephaestus,proposed,
urn:cite:hmt:pers.pers224,Druas,father of Lycurgus,proposed,
urn:cite:hmt:pers.pers225,Aeschylus,Greek tragedian,proposed,
urn:cite:hmt:pers.pers226,Pheres,Uncle of Jason,proposed,
urn:cite:hmt:pers.pers227,Idaeus,Son of Dardanus,proposed,
urn:cite:hmt:pers.pers228,Stesichorus,Lyric poet,proposed,
urn:cite:hmt:pers.pers229,Odius,King of the Halizonians,proposed,
urn:cite:hmt:pers.pers230,Tychius,Wrought a shield for Ajax,proposed,
urn:cite:hmt:pers.pers231,Dolius,Slave of Penelope,proposed,
urn:cite:hmt:pers.pers232,Chromius,son of Priam,proposed,
urn:cite:hmt:pers.pers233,Alcinous,King of Phaeacians,proposed,
urn:cite:hmt:pers.pers234,Alius,Son of Alcinous,proposed,
urn:cite:hmt:pers.pers235,Anius,son of Apollo and Rhoeo,proposed,
urn:cite:hmt:pers.pers236,Euphorion,grammarian,proposed,
urn:cite:hmt:pers.pers237,Phaestus,Son of Borus the Maeonian,proposed,
urn:cite:hmt:pers.pers238,Tecton,"Carpenter, father of Phereclus",proposed,
urn:cite:hmt:pers.pers239,Phereclus,Son of Tecton,proposed,
urn:cite:hmt:pers.pers240,Phemius,"Minstrel, son of Terpes",proposed,
urn:cite:hmt:pers.pers241,Ibycus,Greek lyric poet,proposed,
urn:cite:hmt:pers.pers242,Pedaius,Son of Antenor,proposed,
urn:cite:hmt:pers.pers243,Teucer,Son of Telamon,proposed,
urn:cite:hmt:pers.pers244,Eurypylus,Son of Euaemon,proposed,
urn:cite:hmt:pers.pers245,Abron,proverbially rich Argive man,proposed,
urn:cite:hmt:pers.pers246,Trophonius,son of Erginus,proposed,
urn:cite:hmt:pers.pers247,Nicias,a Homeric scholar not otherwise known outside the scholia,proposed,
urn:cite:hmt:pers.pers248,Heracleon,a Homeric scholar not otherwise known outside the scholia,proposed,
urn:cite:hmt:pers.pers249,Eurypylus,son of Telephus,proposed,
urn:cite:hmt:pers.pers250,Ixion,"grammarian, nickname of Demetrius, appears in scholia either as Demetrius Ixion or just Ixion (e.g., in list on Venetus A 9 verso)",proposed,
urn:cite:hmt:pers.pers251,Tydeus,one of the seven against Thebes,proposed,
urn:cite:hmt:pers.pers252,Melanippus,one of the seven defenders of Thebes,proposed,
urn:cite:hmt:pers.pers253,Astacus,father of Melanippus,proposed,
urn:cite:hmt:pers.pers254,Amphiaraus,one of the seven against Thebes,proposed,
urn:cite:hmt:pers.pers255,Pherecydes,"a Greek mythographer, 5th c. BCE",proposed,
urn:cite:hmt:pers.pers256,Demosthenes,Attic orator,proposed,
urn:cite:hmt:pers.pers257,Aethre,mother of Theseus,proposed,
urn:cite:hmt:pers.pers258,Pittheus,"son of Pelops, king of Troezen, father of Aethre",proposed,
urn:cite:hmt:pers.pers259,Polydius,seer of Minos,proposed,
urn:cite:hmt:pers.pers260,Oroandes,father of (a) Ptolemy,proposed,
urn:cite:hmt:pers.pers261,Adonis,youth favored by Aphrodite,proposed,
urn:cite:hmt:pers.pers262,Persephone,goddess of the Underworld,proposed,
urn:cite:hmt:pers.pers263,Halius,a Lycian,proposed,
urn:cite:hmt:pers.pers264,Hecate,goddess associated with magic and witchcraft,proposed,
urn:cite:hmt:pers.pers265,Alcman,"son of Amphiareus, one of the Epigonoi",proposed,
urn:cite:hmt:pers.pers266,Stentor,herald of the Greek forces,proposed,
urn:cite:hmt:pers.pers267,Periphas,"Aetolian, son of Ochesius, slain by Ares",proposed,
urn:cite:hmt:pers.pers268,Paean,physician of the gods,proposed,
urn:cite:hmt:pers.pers269,Lycaon,father of Pandarus,proposed,
urn:cite:hmt:pers.pers270,Sthenelus,son of Capanaeus,proposed,
urn:cite:hmt:pers.pers271,Telemachus,son of Odysseus,proposed,
urn:cite:hmt:pers.pers272,Pisistratus,youngest son of Nestor,proposed,
urn:cite:hmt:pers.pers273,Anchises,father of Aeneas,proposed,
urn:cite:hmt:pers.pers274,Clytius,brother of Priam,proposed,
urn:cite:hmt:pers.pers275,Cteatus,son of Actor,proposed,
urn:cite:hmt:pers.pers276,Podargus,one of Hector's horses,proposed,
urn:cite:hmt:pers.pers277,Peteus,"son of Orneus, father of Menestheus",proposed,
urn:cite:hmt:pers.pers278,Aidos,"goddess of shame, modesty, and humility",proposed,
urn:cite:hmt:pers.pers279,Simonides,"of Ceos, Greek lyric poet",proposed,
urn:cite:hmt:pers.pers280,Theseus,mythical king of Athens,proposed,
urn:cite:hmt:pers.pers281,Ajax,"The lesser, son of Oileus",proposed,
urn:cite:hmt:pers.pers282,Iris,"personification a rainbow, messenger of the gods",proposed,
urn:cite:hmt:pers.pers283,Epaphroditus,"Marcus Mettius Epaphroditus, of Chaeroneia, 1st century grammarian, according the Suda wrote a commentary on the Iliad and Odyssey",proposed,
urn:cite:hmt:pers.pers284,Penelope,Odysseus' wife,proposed,
urn:cite:hmt:pers.pers285,Tlepolemus,Son of Hercules,proposed,
urn:cite:hmt:pers.pers286,Eos,"personification of Dawn, Aurora",proposed,
urn:cite:hmt:pers.pers287,Idomeneus,Son of Deucalion and grandson of Minos,proposed,
urn:cite:hmt:pers.pers288,Protesilaos,first Greek killed in the Trojan War,proposed,
urn:cite:hmt:pers.pers289,Epeos,builder of the Trojan Horse,proposed,
urn:cite:hmt:pers.pers291,Philoctetes,"the son of King Poeas of Meliboea in Thessaly, marooned because of a snake bite",proposed,
urn:cite:hmt:pers.pers292,Heraclids,sons of Heracles,proposed,
urn:cite:hmt:pers.pers293,Hodius,Herald of the Greeks,proposed,
urn:cite:hmt:pers.pers294,Eurybates,Herald of Odysseus,proposed,
urn:cite:hmt:pers.pers295,Asphalion,Servant of Menelaus,proposed,
urn:cite:hmt:pers.pers296,Thootes,Herald of Menestheus,proposed,
urn:cite:hmt:pers.pers297,Io,"Daughter of Inachus, rape victim of Zeus",proposed,
urn:cite:hmt:pers.pers298,Myrtilus,"charioteer of Oenomaus, who aids Pelops, but then curses him",proposed,
urn:cite:hmt:pers.pers299,Pythagoras,Greek philosopher and mathematician,proposed,
urn:cite:hmt:pers.pers300,Aristotle,Greek philosopher,proposed,
urn:cite:hmt:pers.pers301,Epaphus,Son of Io,proposed,
urn:cite:hmt:pers.pers302,Chrysippus,Son of Pelops,proposed,
urn:cite:hmt:pers.pers303,Hellanicus,5th century logographer of Lesbos,proposed,
urn:cite:hmt:pers.pers304,Niobi,Daughter of Tantalus,proposed,
urn:cite:hmt:pers.pers305,Litai,"Litae, spirits of prayer, daughters of Zeus",proposed,
urn:cite:hmt:pers.pers306,Dionysidorus,"Alexandrian grammarian, school of Aristarchus",proposed,
urn:cite:hmt:pers.pers307,Ammonius,"the Alexandrian, a disciple of Aristarchus,author of the Athenoclea",proposed,
urn:cite:hmt:pers.pers308,Ptolemy Epithetes,Grammarian,proposed,
urn:cite:hmt:pers.pers309,Callistratus,Grammarian,proposed,
urn:cite:hmt:pers.pers310,Thersites,"common solider on the Greek side, ill-spoken rabble-rouser",proposed,
urn:cite:hmt:pers.pers311,Xenophon,Athenian writer,proposed,
urn:cite:hmt:pers.pers312,Meleager,"son of Althea and Oeneus, host of the Calydonian boar hunt",proposed,
urn:cite:hmt:pers.pers313,Agrius,father of Thersites,proposed,
urn:cite:hmt:pers.pers314,Porthaon,"king of Calydon, son of Oeneus",proposed,
urn:cite:hmt:pers.pers315,Icarus,"or Icarius, son of Daedalus",proposed,
urn:cite:hmt:pers.pers316,Daedalus,mad scientist of ancient Greece,proposed,
urn:cite:hmt:pers.pers317,Pasiphae,wife of King Minos,proposed,
urn:cite:hmt:pers.pers318,Cocalus,King of Camicos in Sicily,proposed,
urn:cite:hmt:pers.pers319,Philostephanus,"of Cyrene, pupil of Callimachus",proposed,
urn:cite:hmt:pers.pers320,Zephyrus,West wind,proposed,
urn:cite:hmt:pers.pers321,Philemon,"of Axione, grammarian who edited Homer and compiled the Attic Glosses",proposed,
urn:cite:hmt:pers.pers322,Laertes,Father of Odysseus,proposed,
urn:cite:hmt:pers.pers323,Dionysius of Sidonius,"often just called Sidonius, an Aristarchean scholar",proposed,
urn:cite:hmt:pers.pers324,Conon,"General in the Peloponnesian War, defeated at the battle of Aegospotami",proposed,
urn:cite:hmt:pers.pers325,Hippocrates,ancient Greek physician,proposed,
urn:cite:hmt:pers.pers326,Eupolis,Athenian Poet from the 5th century BC,proposed,
urn:cite:hmt:pers.pers327,Oeneus,King of Calydon,proposed,
urn:cite:hmt:pers.pers328,Dia,"wife of Acreus, mother of Thersites",proposed,
urn:cite:hmt:pers.pers329,Xenophanes,poet,proposed,
urn:cite:hmt:pers.pers330,Quintus Smyrnaeus,Greek epic poet who wrote the...,proposed,
urn:cite:hmt:pers.pers331,Penthesilea,Amazonian queen and warrior maiden,proposed,
urn:cite:hmt:pers.pers332,Alexis,4th-3rd century BC poet of Athens,proposed,
urn:cite:hmt:pers.pers333,Thucydides,Athenian historian on the Peloponnesian war,proposed,
urn:cite:hmt:pers.pers334,Theano,"Pythagorean scholar (possible two different people, it is uncertain)",proposed,
urn:cite:hmt:pers.pers335,Alexander,the Great,proposed,
urn:cite:hmt:pers.pers336,Iphitus,"Son of Eurytus, stole Heracles's cattle, killed by Heracles",proposed,
urn:cite:hmt:pers.pers337,Neleids,"Sons of Neleus, e.g. Nestor",proposed,
urn:cite:hmt:pers.pers338,Periclymenus,"Son of Neleus, killed by Heracles in the form of an eagle",proposed,
urn:cite:hmt:pers.pers339,Stesichorus,first great poet of the Greek West,proposed,
urn:cite:hmt:pers.pers340,Cronius,"Pythagorean, attempted to explain Homer in a philosophical manner",proposed,
urn:cite:hmt:pers.pers341,Alexion,"Greek grammarian, 1st century AD",proposed,
urn:cite:hmt:pers.pers342,Solon,Athenian statesman and law-giver,proposed,
urn:cite:hmt:pers.pers343,Phocylides,Gnomic poet of Miletus,proposed,
urn:cite:hmt:pers.pers344,Alectryon,"Son of Itonus, father of Leitus",proposed,
urn:cite:hmt:pers.pers345,Peneleus,Leader of the Boeotians,proposed,
urn:cite:hmt:pers.pers346,Clonius,Leader of the Boeotians,proposed,
urn:cite:hmt:pers.pers347,Hyrieus,Son of Alcyone,proposed,
urn:cite:hmt:pers.pers348,Archesilaus,"a Boeotian, son of Areilycus",proposed,
urn:cite:hmt:pers.pers349,Prothoenor,Greek leader from Thespiae,proposed,
urn:cite:hmt:pers.pers350,Leitus,"Son of Alectryon, suitor of Helen",proposed,
urn:cite:hmt:pers.pers351,Schoeneus,Father of Atalanta,proposed,
urn:cite:hmt:pers.pers352,Atalanta,"a virgin huntress, unwilling to marry, loved by the hero Meleager",proposed,
urn:cite:hmt:pers.pers353,Thespius,Founder of Thespia in Boeotia,proposed,
urn:cite:hmt:pers.pers354,Euphorion,Greek poet and grammarian of Chalcis,proposed,
urn:cite:hmt:pers.pers355,Erythrius,Son of Themisto,proposed,
urn:cite:hmt:pers.pers356,Athamantidai,Sons of Athamas,proposed,
urn:cite:hmt:pers.pers357,Coronus,"Son of Caeneus, Father of Leonteus, and King of the Lapiths",proposed,
urn:cite:hmt:pers.pers358,Thersander,Son of Polyneices,proposed,
urn:cite:hmt:pers.pers359,Tiphys,Son of Hagnias and helmsman of the Argonauts,proposed,
urn:cite:hmt:pers.pers360,Minyas,Founder of the Minyans,proposed,
urn:cite:hmt:pers.pers361,Almus,"Olmus; Son of Sisyphus",proposed,
urn:cite:hmt:pers.pers362,Schedius,Son of Perimedes,proposed,
urn:cite:hmt:pers.pers363,Schedius,Son of Iphitus,proposed,
urn:cite:hmt:pers.pers364,Perimedes,Father of Schedius,proposed,
urn:cite:hmt:pers.pers365,Iphitus,Father of Schedius,proposed,
urn:cite:hmt:pers.pers366,Eurymedon,"REJECTED, Charioteer of Agamemnon",rejected,urn:cite:hmt:pers.pers589
urn:cite:hmt:pers.pers366,Eurymedon,"REJECTED, Servant of Nestor",rejected,urn:cite:hmt:pers.pers590
urn:cite:hmt:pers.pers367,Ornytion,"Ornytus; Son of Sisyphus",proposed,
urn:cite:hmt:pers.pers368,Naubolos,Son of Ornytus; King of Tanagra,proposed,
urn:cite:hmt:pers.pers369,Phocos,Son of Aiakos,proposed,
urn:cite:hmt:pers.pers370,Cyparissus,"boy turned in to tree by Apollo; Brother of Minyas and Founder of Kyparissos",proposed,
urn:cite:hmt:pers.pers371,Asius,Son of Cotys and Myion; King of the Lydians,proposed,
urn:cite:hmt:pers.pers372,Cotys,Parent of Asius,proposed,
urn:cite:hmt:pers.pers373,Myion,Parent of Asius,proposed,
urn:cite:hmt:pers.pers374,Christodorus,Author of the Lydiaka,proposed,
urn:cite:hmt:pers.pers375,Derceto,Atargatis; Syrian Maiden Goddess,proposed,
urn:cite:hmt:pers.pers376,Semiramis,Assyrian Queen,proposed,
urn:cite:hmt:pers.pers377,Chalcon,Myrmidon,proposed,
urn:cite:hmt:pers.pers378,Abas,King of Argos; Grandfather of Adrastus,proposed,
urn:cite:hmt:pers.pers379,Chalcodon,Son of Abas,proposed,
urn:cite:hmt:pers.pers380,Elephenor,Son of Chalcodon; Suitor of Helen,proposed,
urn:cite:hmt:pers.pers381,Archamachus,Possibly a grammarian from Euboea,proposed,
urn:cite:hmt:pers.pers382,Megapenthes,son of Menelaus by a slave,proposed,
urn:cite:hmt:pers.pers383,Anaxagoras,king of Argos,proposed,
urn:cite:hmt:pers.pers384,Hipponous,Achaean warrior killed by Hector?,proposed,
urn:cite:hmt:pers.pers385,Capeneus,one of the seven against Thebes,proposed,
urn:cite:hmt:pers.pers386,Bias,king of Argos,proposed,
urn:cite:hmt:pers.pers387,Talaus,"son of Bias, king of Argos",proposed,
urn:cite:hmt:pers.pers388,Mekisteus,"son of Talaus, brother of Adrastus, and father of Euryalus",proposed,
urn:cite:hmt:pers.pers389,Euryalus,son of Mekisteus,proposed,
urn:cite:hmt:pers.pers390,Talaus,father of Mecisteus,proposed,
urn:cite:hmt:pers.pers391,Eurystheus,"son of Sthenelus, and king of Mycenae",proposed,
urn:cite:hmt:pers.pers392,Polybus,son of Antenor,proposed,
urn:cite:hmt:pers.pers393,Oebalus,"king of Sparta, son of Cynortas, father of Tyndareus",proposed,
urn:cite:hmt:pers.pers394,Perieres,the father of Borus,proposed,
urn:cite:hmt:pers.pers395,Icarius,"brother of Tyndareus, father of Penelope",proposed,
urn:cite:hmt:pers.pers396,Hippokoon,son of the Spartan King Oebalus and Bateia. His brothers (or half-brothers) were Tyndareus and Icarius.,proposed,
urn:cite:hmt:pers.pers397,Hippocoontidae,sons of Hippokoon,proposed,
urn:cite:hmt:pers.pers398,Castor,brother of Polydeuces and Helen,proposed,
urn:cite:hmt:pers.pers399,Polydeuces,brother of Castor and Helen,proposed,
urn:cite:hmt:pers.pers400,Cretheus,"of Iolcus, the husband of Tyro",proposed,
urn:cite:hmt:pers.pers401,Arne,consort Poseidon,proposed,
urn:cite:hmt:pers.pers402,Cadmus,founder of Thebes,proposed,
urn:cite:hmt:pers.pers403,Europa,consort of Zeus,proposed,
urn:cite:hmt:pers.pers404,Pelias,"son of Poseidon and Tyro, king of Iolcus",proposed,
urn:cite:hmt:pers.pers405,Phoenix,father/brother of Europa,proposed,
urn:cite:hmt:pers.pers406,Jason,"an Aiolid, son of Aison, of Iolkos, leader of the Argonauts, reared by Cheiron",proposed,
urn:cite:hmt:pers.pers407,Amythaon,son of Cretheus and Tyro and brother of Aeson and Pheres.,proposed,
urn:cite:hmt:pers.pers408,Pelagon,king of Phocis,proposed,
urn:cite:hmt:pers.pers409,Aeputus,"son of Elatos, king of Phaisana in Arkadia",proposed,
urn:cite:hmt:pers.pers410,Harmonia,wife of Cadmus,proposed,
urn:cite:hmt:pers.pers411,Philammon,son of Chione and Apollo,proposed,
urn:cite:hmt:pers.pers412,Amphidamas,son of Lycurgus,proposed,
urn:cite:hmt:pers.pers413,Ancaeus,son of Lycurgus,proposed,
urn:cite:hmt:pers.pers414,Agapenor,"king of the Arcadians, a vassal of Agamemnon, to whom he brought the equipment of sixty ships",proposed,
urn:cite:hmt:pers.pers415,Pylaemenes,"king of the Eneti (related to Priam), killed by Menelaos",proposed,
urn:cite:hmt:pers.pers416,Psamathe,a neried,proposed,
urn:cite:hmt:pers.pers417,Pronoe,a neried,proposed,
urn:cite:hmt:pers.pers418,Cephalus,son of Deion/Deioneus,proposed,
urn:cite:hmt:pers.pers419,Deion/Deioneus,ruler of Phocis,proposed,
urn:cite:hmt:pers.pers420,Amphityon,king of Tiryns/Argos/Thebes,proposed,
urn:cite:hmt:pers.pers421,Arcesius,father of Laertes,proposed,
urn:cite:hmt:pers.pers422,Cillus,grandfather of Arcesius,proposed,
urn:cite:hmt:pers.pers423,Orchomenus,father of Minyas and Cyparissus,proposed,
urn:cite:hmt:pers.pers424,Panopeus,father of Epeius,proposed,
urn:cite:hmt:pers.pers425,Crisus,"son of Phocus, brother of Panopeus",proposed,
urn:cite:hmt:pers.pers426,Asterodia,mother of Crisus and Panopeus,proposed,
urn:cite:hmt:pers.pers427,Tyrannus,"possibly husband of Asterodia, or maybe father of Daulieus",proposed,
urn:cite:hmt:pers.pers428,Daulieus,Son of Chrestone and possibly Tyrannus,proposed,
urn:cite:hmt:pers.pers429,Chrestone,mother of Daulieus,proposed,
urn:cite:hmt:pers.pers430,Chalciope,daughter of Eurypylus and Cos,proposed,
urn:cite:hmt:pers.pers431,Thessalus,son of Heracles,proposed,
urn:cite:hmt:pers.pers432,Haemon,father of Thessalus,proposed,
urn:cite:hmt:pers.pers433,Pelasgus,Ancestor of the Pelasgians,proposed,
urn:cite:hmt:pers.pers434,Phylacus,father of Iphiclus,proposed,
urn:cite:hmt:pers.pers435,Iphiclus,"son of Phylacus, father of Protesilaus",proposed,
urn:cite:hmt:pers.pers436,Poeas,father of Philoctetes,proposed,
urn:cite:hmt:pers.pers437,Euboea,daughter of Asopus,proposed,
urn:cite:hmt:pers.pers438,Macris,"Nymph who gave her name to Macris, possibly Euboea",proposed,
urn:cite:hmt:pers.pers439,Magnes,"son of Zeus and Thyia, first king of Magnesia, possibly a son of Aeolus",proposed,
urn:cite:hmt:pers.pers440,Alector,not sure? father in law of Megapenthes?,proposed,
urn:cite:hmt:pers.pers441,Tenthredon,"a leader of the Magnesians from Thessaly, father of Prothous",proposed,
urn:cite:hmt:pers.pers442,Prothous,"son of Tenthredon, a leader of the Magnesians",proposed,
urn:cite:hmt:pers.pers443,Eumelus,"son of Adm?tus and Alcestis, aka Eumeleus",proposed,
urn:cite:hmt:pers.pers444,Erichthonius,early ruler of Athens,proposed,
urn:cite:hmt:pers.pers445,Ascleipius,son of Apollo,proposed,
urn:cite:hmt:pers.pers446,Cayster,"River, son of Penthesilea",proposed,
urn:cite:hmt:pers.pers447,Aetna,nymph,proposed,
urn:cite:hmt:pers.pers448,Polites,son of Priam,proposed,
urn:cite:hmt:pers.pers449,Amphitrite,wife of Poseidon,proposed,
urn:cite:hmt:pers.pers450,Amphianax,"or Amphanax, king of Lycia, some later traditions call him Iobates",proposed,
urn:cite:hmt:pers.pers451,Iphidamas,son of Antenor and Theano,proposed,
urn:cite:hmt:pers.pers452,Rhesus,"king of the Thracians, slain by Odysseus and Diomedes",proposed,
urn:cite:hmt:pers.pers453,Acamas,son of Antenor and Theano,proposed,
urn:cite:hmt:pers.pers454,Asteropaeus,"son of Peladon, leader of the Paeonians",proposed,
urn:cite:hmt:pers.pers455,Thamyris,"Thracian bard, son of Philammon",proposed,
urn:cite:hmt:pers.pers456,Arsiute,Nymph mother of Thamyris,proposed,
urn:cite:hmt:pers.pers457,Demodocus,singer of tales in the Odyssey,proposed,
urn:cite:hmt:pers.pers458,Arcas,"son of Zeus, eponym of Arcadia",proposed,
urn:cite:hmt:pers.pers459,Ancaeus,REJECTED no longer used,rejected,urn:cite:hmt:pers.pers413
urn:cite:hmt:pers.pers460,Amphidamas,REJECTED no longer used,rejected,urn:cite:hmt:pers.pers412
urn:cite:hmt:pers.pers461,Maia,"Mother of Hermes, daughter of Atlas",proposed,
urn:cite:hmt:pers.pers462,Atlas,Cosmic strongman,proposed,
urn:cite:hmt:pers.pers463,Glaucus,Trojan ally,proposed,
urn:cite:hmt:pers.pers464,Euphorbus,"Trojan, son of Panthus",proposed,
urn:cite:hmt:pers.pers465,Amphimachus,Son of Cteatus,proposed,
urn:cite:hmt:pers.pers466,Thalpius,Son of Eurytus,proposed,
urn:cite:hmt:pers.pers467,Eurytus,"son of Actor (or of Poseidon) and Molione, brother of Cteatus (see Ἀκτορίων), with his brother an ally of Augeas against Nestor and the Pylians",proposed,
urn:cite:hmt:pers.pers468,Echina,Father of the Echinades,proposed,
urn:cite:hmt:pers.pers469,Phyleus,Son of Augeas of Elis,proposed,
urn:cite:hmt:pers.pers470,Amphidamas,of Cythera,proposed,
urn:cite:hmt:pers.pers471,Molus,Father of Merion,proposed, 
urn:cite:hmt:pers.pers472,Autolycus,"Father of Anticlēa, and grandfather of Odysseus",proposed,
urn:cite:hmt:pers.pers473,Amyntor,Son of Ormenus,proposed,
urn:cite:hmt:pers.pers474,Dolon,"the spy, son of Eumedes",proposed,
urn:cite:hmt:pers.pers475,Eumedes,Father of Dolon,proposed,
urn:cite:hmt:pers.pers476,Eïoneus,Father of Rhesus according to Homer,proposed,
urn:cite:hmt:pers.pers477,Hippocoon,"Thracian counsellor, cousin of Rhesus",proposed,
urn:cite:hmt:pers.pers478,Oileus,"charioteer of Bienor, slain by Agamemnon",proposed,
urn:cite:hmt:pers.pers479,Bienor,Trojan slain by Agamemnon,proposed,
urn:cite:hmt:pers.pers480,Polydamas,"a Trojan, son of Panthoüs",proposed,
urn:cite:hmt:pers.pers481,Deimos,the personification of Terror,proposed,
urn:cite:hmt:pers.pers482,Phobos,"the personification of Fear, flight caused by fear",proposed,
urn:cite:hmt:pers.pers483,Tithonos,"a son of Laomedon, carried off by the goddess Eos, to be her spouse",proposed,
urn:cite:hmt:pers.pers484,Philotimus,a Greek physician,proposed,
urn:cite:hmt:pers.pers485,Ptolemy of Ascalon,refered to as 'the Ascalonite' in the scholia,proposed,
urn:cite:hmt:pers.pers486,Isos,"Trojan slain by Agamemnon, son of Priam",proposed,
urn:cite:hmt:pers.pers487,Antiphus,"Trojan slain by Agamemnon, son of Priam",proposed,
urn:cite:hmt:pers.pers488,Posidippus,"Greek epigrammatic poet, 3rd century BCE",proposed,
urn:cite:hmt:pers.pers489,Peisander,"son of Antimachus, slain by Agamemnon",proposed,
urn:cite:hmt:pers.pers490,Hippolochus,"son of Antimachus, slain by Agamemnon",proposed,
urn:cite:hmt:pers.pers491,Telephus,of Pergamum wrote On Figures of Speech in Homer,proposed,
urn:cite:hmt:pers.pers492,Antimachus,father of Peisander,proposed,
urn:cite:hmt:pers.pers493,Aelius Herodianus,"the 2nd century CE grammarian, not the historian",proposed,
urn:cite:hmt:pers.pers494,Ilos,whose tomb is on the plain of Troy,proposed,
urn:cite:hmt:pers.pers495,Alcibiades,Athenian general during the Peloponnesian war,proposed,
urn:cite:hmt:pers.pers496,Coön,"Koön/Coon/Koon, Trojan warrior, son of Antenor, slain by Agamemnon",proposed,
urn:cite:hmt:pers.pers497,Meges,son of Phyleus,proposed,
urn:cite:hmt:pers.pers498,Cisseus,"Thracian king, father of Theano",proposed,
urn:cite:hmt:pers.pers499,Eilithyia,goddess of childbirth,proposed,
urn:cite:hmt:pers.pers500,Hippodamia,"wife of Iphidamas, daughter of Cisseus",proposed,
urn:cite:hmt:pers.pers501,Tryphon,"Alexandrian grammarian; composed dictionary and treatises on tropes and meter",proposed,
urn:cite:hmt:pers.pers502,Dorotheus,"of Sidon; astrologer and grammarian",proposed,
urn:cite:hmt:pers.pers503,Asius,son of Hyrtacus,proposed,
urn:cite:hmt:pers.pers504,Menoetius,father of Patroclus,proposed,
urn:cite:hmt:pers.pers505,Alcathous,"Aesyetes,married a daughter of Anchises, a Trojan leader slain by Idomeneus",proposed,
urn:cite:hmt:pers.pers506,Cebriones,"a son of Priam, charioteer of Hector, slain by Patroclus",proposed,
urn:cite:hmt:pers.pers507,Helenus,"a son of Priam, best seer of the Trojans",proposed,
urn:cite:hmt:pers.pers508,Deiphobus,a son of Priam,proposed,
urn:cite:hmt:pers.pers509,Antenor,"son of Aesyetes, husband of Theano",proposed,
urn:cite:hmt:pers.pers510,Archelochus,son of Antenor,proposed,
urn:cite:hmt:pers.pers511,Lampus,"A son of Laomedon, and father of Dolops",proposed,
urn:cite:hmt:pers.pers512,Asaeus,"A greek, slain by Hector",proposed,
urn:cite:hmt:pers.pers513,Autonous,"A greek, slain by Hector",proposed,
urn:cite:hmt:pers.pers514,Opites,"A greek, slain by Hector",proposed,
urn:cite:hmt:pers.pers515,Dolops,"son of Clytius, a greek, slain by Hector",proposed,
urn:cite:hmt:pers.pers516,Opheltius,"a greek, slain by Hector",proposed,
urn:cite:hmt:pers.pers517,Agelaus,"a greek, slain by Hector",proposed,
urn:cite:hmt:pers.pers518,Aesymnus,"a greek, slain by Hector",proposed,
urn:cite:hmt:pers.pers519,Orus,"a greek, slain by Hector",proposed,
urn:cite:hmt:pers.pers520,Notus,the personification of the South Wind,proposed,
urn:cite:hmt:pers.pers521,Thymbraeus,A Trojan slain by Diomedes,proposed,
urn:cite:hmt:pers.pers522,Molion,"A Trojan, the charioteer of Thymbraeus",proposed,
urn:cite:hmt:pers.pers523,Peiraeus,"Son of Clytius, friend of Telemachus",proposed,
urn:cite:hmt:pers.pers524,Philaeus,"A son of the Telamonian Ajax and Tecmessa",proposed,
urn:cite:hmt:pers.pers525,Nicander,"of Colophon, 2nd century BCE poet and grammarian",proposed,
urn:cite:hmt:pers.pers526,Tyro,Daughter of Salmoneus and wife of Cretheus,proposed,
urn:cite:hmt:pers.pers527,Salmoneus,"spelled in this scholion as Salamoneus, Father of Tyro, king of Elis",proposed,
urn:cite:hmt:pers.pers528,Enipeus,"River god, beloved of Tyro",proposed,
urn:cite:hmt:pers.pers529,Hippodamus,"Trojan, slain by Odysseus",proposed,
urn:cite:hmt:pers.pers530,Hypeirochus,"Trojan, slain by Odysseus",proposed,
urn:cite:hmt:pers.pers531,Agastrophus,"Son of Paeon, killed by Diomedes",proposed,
urn:cite:hmt:pers.pers532,Clysonymus,killed by Patroclus over a dice game,proposed,
urn:cite:hmt:pers.pers533,Eratosthenes,"3rd to 2nd century BCE Greek mathematician, geographer, poet, astronomer, music theorist, and chief librarian at Alexandria",proposed,
urn:cite:hmt:pers.pers534,Hermapias,"Greek grammarian not otherwise known outside the scholia but seems to comment on  grammar and accents",proposed,
urn:cite:hmt:pers.pers535,Hecuba,wife of Priam and queen of Troy,proposed,
urn:cite:hmt:pers.pers536,Dionysius Sidonius,REJECTED an Aristarchean scholar familiar with the methods and scholarship Aristarchus,rejected,urn:cite:hmt:pers.pers323
urn:cite:hmt:pers.pers537,Sophron,5th Century BCE writer from Syracuse,proposed,
urn:cite:hmt:pers.pers538,Amphidamas,"of Opus, father of Clysonymus, who was killed by Patroclus",proposed,
urn:cite:hmt:pers.pers539,Strymon,"Father of Rhesus, river god, king of Thrace",proposed,
urn:cite:hmt:pers.pers540,Deiopites,"A Trojan, slain by Odysseus",proposed,
urn:cite:hmt:pers.pers541,Thoon,"A Trojan, slain by Odysseus",proposed,
urn:cite:hmt:pers.pers542,Ennomus,"A Trojan, slain by Odysseus",proposed,
urn:cite:hmt:pers.pers543,Chersidamas,"A son of Priam, slain by Odysseus",proposed,
urn:cite:hmt:pers.pers544,Orpheus,"Greek musician and poet, descends into underworld",proposed,
urn:cite:hmt:pers.pers545,Achelous,"River deity, father of the Sirens",proposed,
urn:cite:hmt:pers.pers546,Triptolemus,"Priest to Demeter",proposed,
urn:cite:hmt:pers.pers547,Polypoetes,"Son of Pirithous; one of the Lapiths",proposed,
urn:cite:hmt:pers.pers548,Leonteus,"a Lapith, the son of Coronus, a suitor of Helen",proposed,
urn:cite:hmt:pers.pers549,Iamenus,"A Trojan; killed by Leonteus",proposed,
urn:cite:hmt:pers.pers550,Orestes,"a Trojan, killed by Leonteus",proposed,
urn:cite:hmt:pers.pers551,Adamas,son of Asius the Phyrgian,proposed,
urn:cite:hmt:pers.pers552,Thoon,"a Trojan, comrade of Asius, slain by Antilochus",proposed,
urn:cite:hmt:pers.pers553,Oenomaus,"A Trojan; killed by Idomenus",proposed,
urn:cite:hmt:pers.pers554,Charops,"defender of Troy, son of Hippasus, brother of Socus, killed by Odysseus",proposed,
urn:cite:hmt:pers.pers555,Socus,"brother of Charops",proposed,
urn:cite:hmt:pers.pers556,Hippasus,father of Socus and Charops,proposed,
urn:cite:hmt:pers.pers557,Doryclus,"Son of Priam, killed by Ajax",proposed,
urn:cite:hmt:pers.pers558,Pandocus,"A Trojan, wounded by Ajax",proposed,
urn:cite:hmt:pers.pers559,Lysander,"A Trojan, slain by Ajax",proposed, 
urn:cite:hmt:pers.pers560,Pyrasus,"A Trojan, slain by Ajax",proposed,
urn:cite:hmt:pers.pers561,Pylartes,"A Trojan, slain by Ajax",proposed,
urn:cite:hmt:pers.pers562,Iapetus,"a Titan, refered to as the Piercer",proposed,
urn:cite:hmt:pers.pers563,Orion,"of Thebes, 5th century BCE Egyptian grammarian, author of On Etymologies",proposed,
urn:cite:hmt:pers.pers564,Calliope,"one of the nine muses, associated with epic",proposed,
urn:cite:hmt:pers.pers565,Linus,a famous bard,proposed,
urn:cite:hmt:pers.pers566,Terpsichore,muse of dance,proposed,
urn:cite:hmt:pers.pers567,Euterpe,muse of elegy,proposed,
urn:cite:hmt:pers.pers568,Thalia,muse of comedy,proposed,
urn:cite:hmt:pers.pers569,Erato,muse of lyric poetry,proposed,
urn:cite:hmt:pers.pers570,Palaiphatos,son of Thalia,proposed,
urn:cite:hmt:pers.pers571,Melpomene,muse of tragedy,proposed,
urn:cite:hmt:pers.pers572,Polyhymnia,muse of hymns,proposed,
urn:cite:hmt:pers.pers573,Nausicaa,daughter of King Alcinous and Queen Arete of Phaeacia,proposed,
urn:cite:hmt:pers.pers574,Nausithous,"son of Poseidon, the father of Alcinous",proposed,
urn:cite:hmt:pers.pers575,Periphas,"son of Epytus, Periphas, a Trojan",proposed,
urn:cite:hmt:pers.pers576,Istros,"the Callimachean; Alexandrian scholar and poet",proposed,
urn:cite:hmt:pers.pers577,Apollonius,cited in the scholia as ὁ τεχνικὸς,proposed,  
urn:cite:hmt:pers.pers578,Asterion,"also Asterius, king of Crete,the son of Tectamus son of Dorus, consort of Europa",proposed, 
urn:cite:hmt:pers.pers579,Bacchylides,"fl. 5th century BC was a Greek lyric poet. Later Greeks included him in the canonical list of nine lyric poets which included his uncle Simonides",proposed,
urn:cite:hmt:pers.pers580,Damasus,"a Trojan,slain by Polypoetes",proposed,
urn:cite:hmt:pers.pers581,Pylon,"a Trojan, slain by Polypoetes",proposed,
urn:cite:hmt:pers.pers582,Ormenus,"a Trojan slain by Polypoetes",proposed,
urn:cite:hmt:pers.pers583,Antimachus,"a Trojan, father of Hippomachus",proposed,
urn:cite:hmt:pers.pers584,Hippomachus,"a Trojan, the son of Antimachus, slain by Leonteus",proposed,
urn:cite:hmt:pers.pers585,Antiphates,"a Trojan, slain by Leonteus",proposed,
urn:cite:hmt:pers.pers586,Menon,"a Trojan, slain by Leonteus",proposed,
urn:cite:hmt:pers.pers587,Euaemon,"or Euaimon, father of Eurypylus",proposed,
urn:cite:hmt:pers.pers588,Apisaon,"Son of Phausius, Trojan killed by Eurypylus",proposed,
urn:cite:hmt:pers.pers589,Eurymedon,Charioteer of Agamemnon,proposed,
urn:cite:hmt:pers.pers590,Eurymedon,"Servant of Nestor, also spelled Eurymelon in the Upsilon",proposed,
urn:cite:hmt:pers.pers591,Arsinous,"Father of Hecamede, from Tenedos",proposed,
urn:cite:hmt:pers.pers592,Alcman," fl. 7th century BC, choral poet from Sparta",proposed,
urn:cite:hmt:pers.pers593,Itymoneus,"Son of Hypeirochus, Elean, killed by Nestor",proposed,
urn:cite:hmt:pers.pers594,Augeas,"king of Elis and father of Epicaste, famous for his stables which were cleaned by Hercules",proposed,
urn:cite:hmt:pers.pers595,Menecrates,"Nysaeensis, a disciple of Aristarchus",proposed,
urn:cite:hmt:pers.pers596,Crataeis,"alternatively called Ceto, a primordial sea goddess, daughter of Gaia and Pontus, the mother of Scylla according to Homer",proposed,
urn:cite:hmt:pers.pers597,Brontes,a cyclops whose name means Thunderer,proposed,
urn:cite:hmt:pers.pers598,Democritus,5th century BCE pre-Socratic philosopher most famous for his theory on atomism,proposed,
urn:cite:hmt:pers.pers599,Boreas,the personification of the North wind,proposed,
urn:cite:hmt:pers.pers600,Philoetius,"Philoitius, loyal herdsman of Odysseus in the Odyssey",proposed,
urn:cite:hmt:pers.pers601,Thebaeus,"Thebaios, father of Eniopeus",proposed,
urn:cite:hmt:pers.pers602,Lampus,horse of Dawn,proposed,
urn:cite:hmt:pers.pers603,Podargus,one of Menelaus's horses,proposed,
urn:cite:hmt:pers.pers604,Xanthus,one of Achilles's horses,proposed,
urn:cite:hmt:pers.pers605,Aethon,one of Agamemnon's horses,proposed,
urn:cite:hmt:pers.pers606,Archeptolemus,"son of Iphitus, a chariot driver of Hector, Zenodotus gives his name as Erasiptolemus",proposed,
urn:cite:hmt:pers.pers607,Ereuthalion,"Nestor's famed opponent, an Arcadian",proposed,
urn:cite:hmt:pers.pers608,Eniopeus,"son of Thebaeus, a charioteer of Hector, slain by Diomedes",proposed,
urn:cite:hmt:pers.pers609,Clytomedes,famed boxing opponent of Nestor,proposed,
urn:cite:hmt:pers.pers610,Ancaeus,"of Pleuron, defeated by Nestor in a wrestling match",proposed,
urn:cite:hmt:pers.pers611,Anacreon,"6th century BCE, Greek lyric poet, noted for drinking songs and hymns, one of the cannonical nine lyric poets",proposed,
urn:cite:hmt:pers.pers612,Demetrius Gonypesus,"a grammarian of unknown origin who lived before A.D.35",proposed,  
urn:cite:hmt:pers.pers613,Amopaon,"a Trojan, son of Polypaemon, slain by Teucer",proposed,
urn:cite:hmt:pers.pers614,Telamon,"son of the king Aeacus of Aegina, and Endeïs and brother of Peleus, father of Ajax and Teucer by different mothers",proposed,
urn:cite:hmt:pers.pers615,Diogenes,"a grammarian, not otherwise distinguishable in the scholia",proposed,
urn:cite:hmt:pers.pers616,Cerberus,the multi-headed dog that guards the Underworld,proposed,
urn:cite:hmt:pers.pers617,Ascalaphus,"Son of Ares and Astyoche, King of Orchomenus, died in the Trojan War as a result of a spear thrown by Deiphobus",proposed,
urn:cite:hmt:pers.pers618,Medusa,the Gorgon,proposed,
urn:cite:hmt:pers.pers619,Styx,"a goddess, daughter of Oceanus and Tethys, binds gods oaths",proposed,
urn:cite:hmt:pers.pers620,Nemesis,"also called Rhamnousia/Rhamnusia and Adrasteia, goddess of revenge",proposed,
urn:cite:hmt:pers.pers621,Ophion,"or Ophioneus, ruled the world with Eurynome before the two of them were cast down by Cronus and Rhea",proposed,
urn:cite:hmt:pers.pers622,Heraclides Milesius,"a grammarian",proposed,
urn:cite:hmt:pers.pers623,Alcaeus,"a famous lyric poet from Lesbos, one of the cannonical nine",proposed,
urn:cite:hmt:pers.pers624,Lampus,one of Hector's horses,proposed,
urn:cite:hmt:pers.pers625,Aethon,one of Hector's horses,proposed,
urn:cite:hmt:pers.pers626,Xanthus, one of Hector's horses,proposed,
urn:cite:hmt:pers.pers627,Neoteles,"a disciple of Aristarchus",proposed,
urn:cite:hmt:pers.pers628,Eumolpus,"Eumolpus became one of the first priests of Demeter and one of the founders of the Eleusinian Mysteries",proposed,
urn:cite:hmt:pers.pers629,Alastor,"a Greek who bore injured Teucer to safety",proposed,
urn:cite:hmt:pers.pers630,Agelaus,"a Trojan, son of Phradmon",proposed,
urn:cite:hmt:pers.pers631,Orsilochus,"a Trojan, slain by Teucer",proposed,
urn:cite:hmt:pers.pers632,Ormenus,"a Trojan, slain by Teucer",proposed,
urn:cite:hmt:pers.pers633,Ophelestes,"a Trojan, slain by Teucer",proposed,
urn:cite:hmt:pers.pers634,Daetor,"a Trojan, slain by Teucer",proposed,
urn:cite:hmt:pers.pers635,Chromius,"a Trojan (not the son of Priam), slain by Teucer",proposed,
urn:cite:hmt:pers.pers636,Lycophontes,"a Trojan, slain by Teucer",proposed,
urn:cite:hmt:pers.pers637,Melanippus,"a Trojan, slain by Teucer",proposed,
urn:cite:hmt:pers.pers638,Gorgythion,"son of Priam and Castianeira, slain by Teucer",proposed,
urn:cite:hmt:pers.pers639,Castianeira,the mother of Gorgythion,proposed,
urn:cite:hmt:pers.pers640,Mecisteus,"son of Echius, companion of Antilochus, slain by Polydamas",proposed,
urn:cite:hmt:pers.pers641,Echius,father of Mecisteus,proposed,
