MorpheusLemma,Urn
ἰά,urn:cite:perseus:lexentity.lex115966.1
ἤ1,multiple
ἠέ1,urn:cite:perseus:lexentity.lex114687.1
ἤ2,multiple
ῥέα,urn:cite:perseus:lexentity.lex126745.1
Αἶα,urn:cite:perseus:lexentity.lex12276.1
Αἴας,none
αὐγή,urn:cite:perseus:lexentity.lex12300.1
αὐγάζω,urn:cite:perseus:lexentity.lex12297.1
αὐγέω,urn:cite:perseus:lexentity.lex12299.1
αἰδώ,urn:cite:perseus:lexentity.lex11731.1
Αἵδης,none
αἰδώς,urn:cite:perseus:lexentity.lex11732.1
αὐδάω,urn:cite:perseus:lexentity.lex12308.1
αἰθήρ,urn:cite:perseus:lexentity.lex11748.1
Αἴθρη,none
αὐλή,urn:cite:perseus:lexentity.lex12362.1
αὐλών,urn:cite:perseus:lexentity.lex12421.1
αἰόλος,urn:cite:perseus:lexentity.lex12073.1
αὐλός,urn:cite:perseus:lexentity.lex12420.1
αὐλέω,urn:cite:perseus:lexentity.lex12361.1
αἰών,urn:cite:perseus:lexentity.lex12076.1
ἑανός,urn:cite:perseus:lexentity.lex111850.1
αἰνός,urn:cite:perseus:lexentity.lex11879.1
ῥαίνω,urn:cite:perseus:lexentity.lex126807.1
αἰνέω,urn:cite:perseus:lexentity.lex11821.1
αὐξάνω,urn:cite:perseus:lexentity.lex12429.1
Αἰπύ,none
αἰπός,urn:cite:perseus:lexentity.lex11927.1
αἱρέω,urn:cite:perseus:lexentity.lex12204.1
Αἶσα,none
αἰτία,urn:cite:perseus:lexentity.lex12013.1
ἰατήρ,urn:cite:perseus:lexentity.lex116032.1
αὐτός,urn:cite:perseus:lexentity.lex12917.1
ἰαχή,urn:cite:perseus:lexentity.lex116065.1
αἰχμή,urn:cite:perseus:lexentity.lex12044.1
αἰχμάζω,urn:cite:perseus:lexentity.lex12042.1
ἰαχέω,urn:cite:perseus:lexentity.lex116064.1
ῥαίω,urn:cite:perseus:lexentity.lex126809.1
αὔω1,multiple
αὔω2,multiple
Ἰαωλκός,none
βία,urn:cite:perseus:lexentity.lex13203.1
βαθύς,urn:cite:perseus:lexentity.lex13363.1
βίαιος,urn:cite:perseus:lexentity.lex13204.1
βαιός,urn:cite:perseus:lexentity.lex13393.1
βαίνω,urn:cite:perseus:lexentity.lex13227.1
βαρύς,urn:cite:perseus:lexentity.lex13674.1
βασκάς,urn:cite:perseus:lexentity.lex13734.1
βαφή,urn:cite:perseus:lexentity.lex13821.1
βαφεύς,urn:cite:perseus:lexentity.lex13822.1
βίβημι,urn:cite:perseus:lexentity.lex13207.1
βόειος,urn:cite:perseus:lexentity.lex15384.1
βάζω,urn:cite:perseus:lexentity.lex13071.1
Ἥβη,none
βηλός,urn:cite:perseus:lexentity.lex13953.1
βάθρον,urn:cite:perseus:lexentity.lex13075.1
βιός,urn:cite:perseus:lexentity.lex14092.1
βιάω,urn:cite:perseus:lexentity.lex13975.1
βάλλις,urn:cite:perseus:lexentity.lex13101.1
βάλλω,urn:cite:perseus:lexentity.lex13102.1
βέλος,urn:cite:perseus:lexentity.lex13179.1
βοή,urn:cite:perseus:lexentity.lex14273.1
βοείη,urn:cite:perseus:lexentity.lex14288.1
βοεύς,urn:cite:perseus:lexentity.lex14291.1
βολή,urn:cite:perseus:lexentity.lex14339.1
βούλομαι,urn:cite:perseus:lexentity.lex14741.1
βολέω,urn:cite:perseus:lexentity.lex14338.1
βορά,urn:cite:perseus:lexentity.lex14407.1
βορός,urn:cite:perseus:lexentity.lex14440.1
βίος,urn:cite:perseus:lexentity.lex13212.1
βουλή,urn:cite:perseus:lexentity.lex14584.1
βουλεύς,urn:cite:perseus:lexentity.lex14605.1
βοάω,urn:cite:perseus:lexentity.lex14271.1
βραχύς,urn:cite:perseus:lexentity.lex14994.1
βριθύς,urn:cite:perseus:lexentity.lex15040.1
βρύον,urn:cite:perseus:lexentity.lex15205.1
Βῶρος,none
βάρος,urn:cite:perseus:lexentity.lex13133.1
βροτός,urn:cite:perseus:lexentity.lex15101.1
βρέφος,urn:cite:perseus:lexentity.lex14838.1
βάσκω,urn:cite:perseus:lexentity.lex13144.1
βάτης,urn:cite:perseus:lexentity.lex13153.1
βυθός,urn:cite:perseus:lexentity.lex15256.1
βυθάω,urn:cite:perseus:lexentity.lex15248.1
βωμός,urn:cite:perseus:lexentity.lex15363.1
ἐγώ,urn:cite:perseus:lexentity.lex102510.1
Γαῖα,none
γαιόω,urn:cite:perseus:lexentity.lex15677.1
γαλέη,urn:cite:perseus:lexentity.lex15688.1
γαμέω,urn:cite:perseus:lexentity.lex15783.1
γαίω,none
ἐγώγε,urn:cite:perseus:lexentity.lex102511.1
γίγνομαι,urn:cite:perseus:lexentity.lex15628.1
γελάω,urn:cite:perseus:lexentity.lex15972.1
γενή,urn:cite:perseus:lexentity.lex16020.1
γενεά,urn:cite:perseus:lexentity.lex16022.1
γεράζω,urn:cite:perseus:lexentity.lex16105.1
γηράσκω,urn:cite:perseus:lexentity.lex16295.1
γηράω,urn:cite:perseus:lexentity.lex16296.1
γιγνώσκω,urn:cite:perseus:lexentity.lex16343.1
γάιος,urn:cite:perseus:lexentity.lex15508.1
ὑγιής,urn:cite:perseus:lexentity.lex122515.1
γάλα,urn:cite:perseus:lexentity.lex15510.1
γλήνη,urn:cite:perseus:lexentity.lex16361.1
γάλοως,urn:cite:perseus:lexentity.lex15522.1
γλυκύς,urn:cite:perseus:lexentity.lex16524.1
γέλως,urn:cite:perseus:lexentity.lex15572.1
γάμος,urn:cite:perseus:lexentity.lex15527.1
ἀγών,urn:cite:perseus:lexentity.lex83858.1
γνώμη,urn:cite:perseus:lexentity.lex16682.1
γνύξ,urn:cite:perseus:lexentity.lex16680.1
γένος,urn:cite:perseus:lexentity.lex15587.1
γέντο,urn:cite:perseus:lexentity.lex15590.1
γόνυ,urn:cite:perseus:lexentity.lex17258.1
ῥήγνυμι,urn:cite:perseus:lexentity.lex126767.1
γονή,urn:cite:perseus:lexentity.lex16755.1
γονεύς,urn:cite:perseus:lexentity.lex16764.1
γονάω,urn:cite:perseus:lexentity.lex16754.1
γόος,urn:cite:perseus:lexentity.lex17259.1
γουνός,urn:cite:perseus:lexentity.lex16819.1
γοάω,urn:cite:perseus:lexentity.lex16691.1
γάρ,urn:cite:perseus:lexentity.lex15537.1
γέρας,urn:cite:perseus:lexentity.lex15597.1
γραφή,urn:cite:perseus:lexentity.lex16923.1
γραφεύς,urn:cite:perseus:lexentity.lex16929.1
γραφής,urn:cite:perseus:lexentity.lex16924.1
ὑγράζω,urn:cite:perseus:lexentity.lex122529.1
ἀγρός,urn:cite:perseus:lexentity.lex83706.1
γράφω,urn:cite:perseus:lexentity.lex16845.1
γέρων,urn:cite:perseus:lexentity.lex15605.1
ἀγός,urn:cite:perseus:lexentity.lex83851.1
γυνή,urn:cite:perseus:lexentity.lex17115.1
ἐγχύνω,urn:cite:perseus:lexentity.lex102507.1
ἐγχέω,urn:cite:perseus:lexentity.lex102416.1
γύψ,urn:cite:perseus:lexentity.lex17285.1
ἀγάω,urn:cite:perseus:lexentity.lex83137.1
ἰδέ,urn:cite:perseus:lexentity.lex116092.1
δέ,urn:cite:perseus:lexentity.lex17379.1
δαί,urn:cite:perseus:lexentity.lex17746.1
δαλός,urn:cite:perseus:lexentity.lex17898.1
δαμάζω,urn:cite:perseus:lexentity.lex17899.1
δαμάω,urn:cite:perseus:lexentity.lex17907.1
Ἰδαῖος,none
δαήρ,urn:cite:perseus:lexentity.lex17745.1
δαίσ,multiple
δαίϲ,multiple
δασύς,urn:cite:perseus:lexentity.lex18009.1
δαίτη,urn:cite:perseus:lexentity.lex17757.1
δαίτης,urn:cite:perseus:lexentity.lex17759.1
δαίω1,multiple
δαίω2,multiple
δίδημι,urn:cite:perseus:lexentity.lex17518.1
δίδωμι,urn:cite:perseus:lexentity.lex17525.1
δείδω,urn:cite:perseus:lexentity.lex18072.1
δειλός,urn:cite:perseus:lexentity.lex18144.1
δεινάζω,urn:cite:perseus:lexentity.lex18160.1
δεινός,urn:cite:perseus:lexentity.lex18179.1
δείκνυμι,urn:cite:perseus:lexentity.lex18078.1
δεκάω,urn:cite:perseus:lexentity.lex18297.1
δεξιά,urn:cite:perseus:lexentity.lex18484.1
δεξιάζω,urn:cite:perseus:lexentity.lex18485.1
δεξιόομαι,urn:cite:perseus:lexentity.lex18493.1
δείξις,urn:cite:perseus:lexentity.lex18089.1
δεξιός,urn:cite:perseus:lexentity.lex18495.1
δεύομαι,urn:cite:perseus:lexentity.lex18636.1
δεσμός,urn:cite:perseus:lexentity.lex18554.1
δεύω2,none
Δίη,none
Ἴδη,none
δύη,urn:cite:perseus:lexentity.lex23449.1
δηθά,urn:cite:perseus:lexentity.lex18656.1
δηιόω,urn:cite:perseus:lexentity.lex18665.1
δηλόω,urn:cite:perseus:lexentity.lex18687.1
δημός,urn:cite:perseus:lexentity.lex18798.1
δηρός,urn:cite:perseus:lexentity.lex18818.1
Ἴδης,none
διά,urn:cite:perseus:lexentity.lex18824.1
διασφάξ,urn:cite:perseus:lexentity.lex20282.1
διίημι,urn:cite:perseus:lexentity.lex19156.1
διέκ,urn:cite:perseus:lexentity.lex19121.1
δικάζω,urn:cite:perseus:lexentity.lex20903.1
ἰδικός,urn:cite:perseus:lexentity.lex116110.1
διώκω,urn:cite:perseus:lexentity.lex21580.1
Διώνη,none
δάιος,urn:cite:perseus:lexentity.lex17310.1
διπλάζω,urn:cite:perseus:lexentity.lex21215.1
διπλόος,urn:cite:perseus:lexentity.lex21252.1
διπλός,urn:cite:perseus:lexentity.lex21254.1
διπλόω,urn:cite:perseus:lexentity.lex21256.1
διέπω,urn:cite:perseus:lexentity.lex19135.1
διότι,urn:cite:perseus:lexentity.lex21569.1
διφυής,urn:cite:perseus:lexentity.lex21417.1
διχθά,urn:cite:perseus:lexentity.lex21442.1
διχθάς,urn:cite:perseus:lexentity.lex21444.1
διχάω,urn:cite:perseus:lexentity.lex21427.1
δέκα,urn:cite:perseus:lexentity.lex17388.1
δίκη,urn:cite:perseus:lexentity.lex17565.1
δάκνω,urn:cite:perseus:lexentity.lex17315.1
δάκρυον,urn:cite:perseus:lexentity.lex17318.1
Δῆλος,none
δόλος,urn:cite:perseus:lexentity.lex23413.1
δέμας,urn:cite:perseus:lexentity.lex17407.1
δέμω,urn:cite:perseus:lexentity.lex17409.1
δμωή,urn:cite:perseus:lexentity.lex21592.1
δήν,urn:cite:perseus:lexentity.lex17474.1
δύναμαι,urn:cite:perseus:lexentity.lex23451.1
δήνεα,urn:cite:perseus:lexentity.lex17475.1
ἰδνόομαι,urn:cite:perseus:lexentity.lex116190.1
ὀδάξ,urn:cite:perseus:lexentity.lex118556.1
δόξα,urn:cite:perseus:lexentity.lex23427.1
δόξις,urn:cite:perseus:lexentity.lex23430.1
δύο,urn:cite:perseus:lexentity.lex23455.1
δοιώ,urn:cite:perseus:lexentity.lex21634.1
δοιάζω,urn:cite:perseus:lexentity.lex21626.1
δοιοί,urn:cite:perseus:lexentity.lex21632.1
δοκή,urn:cite:perseus:lexentity.lex21639.1
δοκεύς,urn:cite:perseus:lexentity.lex21647.1
δοκάζω,urn:cite:perseus:lexentity.lex21635.1
δοκόν,urn:cite:perseus:lexentity.lex21672.1
δοκός,urn:cite:perseus:lexentity.lex21673.1
δοκέω,urn:cite:perseus:lexentity.lex21638.1
δολόω,urn:cite:perseus:lexentity.lex21749.1
δέομαι,urn:cite:perseus:lexentity.lex17419.1
Ἰδομενεύς,none
Δίον,none
δοξόω,urn:cite:perseus:lexentity.lex21805.1
δορά,urn:cite:perseus:lexentity.lex21806.1
Δῖος,none
δοτός,urn:cite:perseus:lexentity.lex21905.1
δέπας,urn:cite:perseus:lexentity.lex17422.1
δήπου,urn:cite:perseus:lexentity.lex17480.1
Δῶρα,none
Δάρας,none
Δάρης,none
δέρμα,urn:cite:perseus:lexentity.lex17429.1
Δῶρος,none
δέρος,urn:cite:perseus:lexentity.lex17433.1
δόρπον,urn:cite:perseus:lexentity.lex23439.1
ἱδρώς,urn:cite:perseus:lexentity.lex117010.1
δόρυ,urn:cite:perseus:lexentity.lex23441.1
ἱδρύω,urn:cite:perseus:lexentity.lex117006.1
ὁδόσ,multiple
ὁδός,multiple
δίς,urn:cite:perseus:lexentity.lex17669.1
δύσις,urn:cite:perseus:lexentity.lex23500.1
δότης,urn:cite:perseus:lexentity.lex23446.1
δυικός,urn:cite:perseus:lexentity.lex22305.1
δυάς,urn:cite:perseus:lexentity.lex22288.1
δυάω,urn:cite:perseus:lexentity.lex22289.1
δίφρος,rn:cite:perseus:lexentity.lex17707.1
δίχα,urn:cite:perseus:lexentity.lex17710.1
δέχομαι,urn:cite:perseus:lexentity.lex17456.1
ἰδέω,urn:cite:perseus:lexentity.lex116096.1
δίω,urn:cite:perseus:lexentity.lex17734.1
δέω1,multiple
δέω2,multiple
ἀεί,urn:cite:perseus:lexentity.lex84197.1
εἰδοί,urn:cite:perseus:lexentity.lex23728.1
ἀείδω,urn:cite:perseus:lexentity.lex84203.1
εἰάζω,urn:cite:perseus:lexentity.lex23701.1
εὐθύσ,multiple
εὐθύς,multiple
εἰκάζω,urn:cite:perseus:lexentity.lex23771.1
εἰκών,urn:cite:perseus:lexentity.lex23892.1
εἰκός,urn:cite:perseus:lexentity.lex23889.1
εἰλέω,urn:cite:perseus:lexentity.lex23896.1
εἰμί,urn:cite:perseus:lexentity.lex23940.1
εὐνή,urn:cite:perseus:lexentity.lex25405.1
εὐνάζω,urn:cite:perseus:lexentity.lex25399.1
εὐνάω,urn:cite:perseus:lexentity.lex25401.1
ἱερά,urn:cite:perseus:lexentity.lex117015.1
εὑραί,urn:cite:perseus:lexentity.lex26194.1
ἱερεύς,urn:cite:perseus:lexentity.lex117071.1
ἱερεύω,urn:cite:perseus:lexentity.lex117073.1
ἱεράζω,urn:cite:perseus:lexentity.lex117017.1
ἱερόν,urn:cite:perseus:lexentity.lex117194.1
ἱεράομαι,urn:cite:perseus:lexentity.lex117021.1
Εὖρος,none
ἱερός,urn:cite:perseus:lexentity.lex117200.1
εὐρύς,urn:cite:perseus:lexentity.lex25780.1
εὑρίσκω,urn:cite:perseus:lexentity.lex26193.1
ἀείρω,urn:cite:perseus:lexentity.lex84225.1
εἰσβαίνω,urn:cite:perseus:lexentity.lex24076.1
εἰσίημι,urn:cite:perseus:lexentity.lex24028.1
ὑετός,urn:cite:perseus:lexentity.lex122818.1
εὐφυής,multiple
εὐχή,urn:cite:perseus:lexentity.lex26078.1
ἀείω2,none
ζεύγνυμι,urn:cite:perseus:lexentity.lex26810.1
Ζεύς,none
ζητέω,urn:cite:perseus:lexentity.lex26847.1
ζώιον,urn:cite:perseus:lexentity.lex27110.1
ζώνη,urn:cite:perseus:lexentity.lex27112.1
ζοφόω,urn:cite:perseus:lexentity.lex26885.1
ζώς,urn:cite:perseus:lexentity.lex27120.1
ζυγή,urn:cite:perseus:lexentity.lex26894.1
ζυγόν,urn:cite:perseus:lexentity.lex26935.1
ζυγός,urn:cite:perseus:lexentity.lex26936.1
ζυγέω,urn:cite:perseus:lexentity.lex26893.1
ζυέω,none
ζόφος,urn:cite:perseus:lexentity.lex27089.1
ῥάζω,urn:cite:perseus:lexentity.lex126701.1
ζάω,urn:cite:perseus:lexentity.lex26673.1
ζῳόω,urn:cite:perseus:lexentity.lex27175.1
ζωή,urn:cite:perseus:lexentity.lex26965.1
ζωός,urn:cite:perseus:lexentity.lex27078.1
ζωόω,urn:cite:perseus:lexentity.lex27085.1
ῥητός,urn:cite:perseus:lexentity.lex127057.1
θέα,urn:cite:perseus:lexentity.lex27237.1
Ἰθακήσιος,none
θαλία,urn:cite:perseus:lexentity.lex27355.1
θαρσέω,urn:cite:perseus:lexentity.lex27504.1
Θόας,urn:cite:perseus:lexentity.lex28419.1
Θῆβαι,none
Θήβη,none
θεά,urn:cite:perseus:lexentity.lex27548.1
θεία,urn:cite:perseus:lexentity.lex27564.1
Θεανώ,none
θεάομαι,urn:cite:perseus:lexentity.lex27553.1
θεον,none
θεῖοσ,multiple
ERROR: ambiguous pkey for θεῖος,
θερμός,urn:cite:perseus:lexentity.lex27984.1
θεός,urn:cite:perseus:lexentity.lex28108.1
θεάω,urn:cite:perseus:lexentity.lex27559.1
θάζω,urn:cite:perseus:lexentity.lex27198.1
Θόη,none
θηλή,urn:cite:perseus:lexentity.lex28166.1
θηλάζω,urn:cite:perseus:lexentity.lex28163.1
θηλέω,urn:cite:perseus:lexentity.lex28165.1
θηράω,urn:cite:perseus:lexentity.lex28238.1
Ἰθάκη,none
θήκη,urn:cite:perseus:lexentity.lex27311.1
ἐθέλω,urn:cite:perseus:lexentity.lex102547.1
Ἰθώμη,none
θέμις,urn:cite:perseus:lexentity.lex27264.1
θύμον,urn:cite:perseus:lexentity.lex29084.1
θύμος,urn:cite:perseus:lexentity.lex29085.1
θήν,urn:cite:perseus:lexentity.lex27313.1
θνήσκω,urn:cite:perseus:lexentity.lex28406.1
θύνω,urn:cite:perseus:lexentity.lex29092.1
θοάζω,urn:cite:perseus:lexentity.lex28418.1
θάομαι,urn:cite:perseus:lexentity.lex27225.1
θορή,urn:cite:perseus:lexentity.lex28450.1
θορός,urn:cite:perseus:lexentity.lex28463.1
θύος,urn:cite:perseus:lexentity.lex29094.1
θοός,urn:cite:perseus:lexentity.lex28471.1
θοόω,urn:cite:perseus:lexentity.lex28472.1
θάπτω,urn:cite:perseus:lexentity.lex27227.1
θήρ,urn:cite:perseus:lexentity.lex27315.1
θήρα,urn:cite:perseus:lexentity.lex27316.1
θώραξ,urn:cite:perseus:lexentity.lex29131.1
θρασύς,urn:cite:perseus:lexentity.lex28555.1
θρόνον,urn:cite:perseus:lexentity.lex28695.1
θρόνος,urn:cite:perseus:lexentity.lex28696.1
Θρᾷξ,none
θρίξ,urn:cite:perseus:lexentity.lex28509.1
Θρύον,urn:cite:perseus:lexentity.lex28705.1
θρόος,urn:cite:perseus:lexentity.lex28698.1
θρέψις,urn:cite:perseus:lexentity.lex28495.1
θρέω,urn:cite:perseus:lexentity.lex28496.1
ἰθύσ,urn:cite:perseus:lexentity.lex116255.1
θίς,urn:cite:perseus:lexentity.lex27333.1
θύτης,urn:cite:perseus:lexentity.lex29122.1
Θέτις,none
θυμός,urn:cite:perseus:lexentity.lex28873.1
θυμόω,urn:cite:perseus:lexentity.lex28875.1
θυτήρ,urn:cite:perseus:lexentity.lex29003.1
θυάω,urn:cite:perseus:lexentity.lex28731.1
ὠθέω,urn:cite:perseus:lexentity.lex126173.1
θέω,urn:cite:perseus:lexentity.lex27305.1
θύω1,multiple
θύω2,multiple
Θόων,none
ῥιγέω,urn:cite:perseus:lexentity.lex127063.1
ῥινόν,urn:cite:perseus:lexentity.lex127166.1
ῥινός,urn:cite:perseus:lexentity.lex127167.1
ῥινάω,urn:cite:perseus:lexentity.lex127129.1
ῥάιος,urn:cite:perseus:lexentity.lex126704.1
ῥιπή,urn:cite:perseus:lexentity.lex127174.1
ὀιστός,urn:cite:perseus:lexentity.lex118669.1
ἀκή,urn:cite:perseus:lexentity.lex84710.1
καί,urn:cite:perseus:lexentity.lex29711.1
καθά,urn:cite:perseus:lexentity.lex29768.1
καθίημι,urn:cite:perseus:lexentity.lex29802.1
καθέν,urn:cite:perseus:lexentity.lex29788.1
καθώς,urn:cite:perseus:lexentity.lex30021.1
καιρός,urn:cite:perseus:lexentity.lex30100.1
καιρόω,urn:cite:perseus:lexentity.lex30102.1
κακία,urn:cite:perseus:lexentity.lex30118.1
κακάζω,urn:cite:perseus:lexentity.lex30110.1
κακός,urn:cite:perseus:lexentity.lex30456.1
κακόω,urn:cite:perseus:lexentity.lex30485.1
καλός,urn:cite:perseus:lexentity.lex30879.1
καλέω,urn:cite:perseus:lexentity.lex30505.1
κανών,urn:cite:perseus:lexentity.lex31083.1
ἱκανός,urn:cite:perseus:lexentity.lex117226.1
καίνω,urn:cite:perseus:lexentity.lex29716.1
καπνός,urn:cite:perseus:lexentity.lex31134.1
καρπόσ,multiple
καρπός,multiple
κατά,urn:cite:perseus:lexentity.lex31485.1
κατόω,urn:cite:perseus:lexentity.lex33793.1
καίω,urn:cite:perseus:lexentity.lex29728.1
κήδεος,urn:cite:perseus:lexentity.lex29580.1
κάδος,urn:cite:perseus:lexentity.lex29184.1
κήδω,urn:cite:perseus:lexentity.lex29584.1
κεύθω,urn:cite:perseus:lexentity.lex34527.1
κεινός,urn:cite:perseus:lexentity.lex33998.1
κενός,urn:cite:perseus:lexentity.lex34204.1
κενόω,urn:cite:perseus:lexentity.lex34209.1
κερδώ,urn:cite:perseus:lexentity.lex34380.1
κερδαίνω,urn:cite:perseus:lexentity.lex34368.1
κείρω,urn:cite:perseus:lexentity.lex33945.1
κηλέω,urn:cite:perseus:lexentity.lex34573.1
κηρίς,urn:cite:perseus:lexentity.lex34634.1
κάθημαι,urn:cite:perseus:lexentity.lex29201.1
κόιλος,none
κισσός,urn:cite:perseus:lexentity.lex34959.1
κισσάω,urn:cite:perseus:lexentity.lex34928.1
κάκη,urn:cite:perseus:lexentity.lex29217.1
κύκλος,urn:cite:perseus:lexentity.lex38589.1
κάλαις,none
κήλας,urn:cite:perseus:lexentity.lex29587.1
κλαίω,urn:cite:perseus:lexentity.lex35052.1
κήλεος,urn:cite:perseus:lexentity.lex29590.1
κλείς,urn:cite:perseus:lexentity.lex35124.1
κάλη,urn:cite:perseus:lexentity.lex29239.1
κόλον,urn:cite:perseus:lexentity.lex38395.1
κόλος,urn:cite:perseus:lexentity.lex38396.1
κλέος,urn:cite:perseus:lexentity.lex35021.1
κόλπος,urn:cite:perseus:lexentity.lex38400.1
κλυτός,urn:cite:perseus:lexentity.lex35371.1
κλάω,urn:cite:perseus:lexentity.lex35016.1
κάλως,urn:cite:perseus:lexentity.lex29277.1
κόμη,urn:cite:perseus:lexentity.lex38418.1
κόμης,urn:cite:perseus:lexentity.lex38419.
κάμνω,urn:cite:perseus:lexentity.lex29294.1
κάμπτω,urn:cite:perseus:lexentity.lex29302.1
κάμψη,urn:cite:perseus:lexentity.lex29303.1
κάμψις,urn:cite:perseus:lexentity.lex29304.1
ἀκήν,urn:cite:perseus:lexentity.lex84716.1
κἀν,none
κύνεος,urn:cite:perseus:lexentity.lex38622.1
κνίζω,urn:cite:perseus:lexentity.lex35478.1
κόνιος,urn:cite:perseus:lexentity.lex38437.1
κνισάω,urn:cite:perseus:lexentity.lex35547.1
ἱκνέομαι,urn:cite:perseus:lexentity.lex117241.1
Κῦνον,none
Κῦνος,none
ἱκάνω,urn:cite:perseus:lexentity.lex117216.1
κνάω,urn:cite:perseus:lexentity.lex35460.1
ἀκοή,urn:cite:perseus:lexentity.lex85027.1
κοιμάω,urn:cite:perseus:lexentity.lex35724.1
κοινός,urn:cite:perseus:lexentity.lex35802.1
κοινόω,urn:cite:perseus:lexentity.lex35806.1
κολεάζω,urn:cite:perseus:lexentity.lex35909.1
κολεόν,urn:cite:perseus:lexentity.lex35913.1
κολεός,urn:cite:perseus:lexentity.lex35915.1
ἀκέομαι,urn:cite:perseus:lexentity.lex84693.1
κομψός,urn:cite:perseus:lexentity.lex36132.1
κομάω,urn:cite:perseus:lexentity.lex36072.1
κονία,urn:cite:perseus:lexentity.lex36137.1
κονιάω,urn:cite:perseus:lexentity.lex36169.1
Κώπαι,none
κώπη,urn:cite:perseus:lexentity.lex38718.1
κάπρος,urn:cite:perseus:lexentity.lex29350.1
κόπτω,urn:cite:perseus:lexentity.lex38468.1
Κήρ,none
κάρ,urn:cite:perseus:lexentity.lex29356.1
κάρα,urn:cite:perseus:lexentity.lex29357.1
Κάραι,none
κέρας,urn:cite:perseus:lexentity.lex29537.1
κρέας,urn:cite:perseus:lexentity.lex36746.1
κόρη,urn:cite:perseus:lexentity.lex38479.1
κριός,urn:cite:perseus:lexentity.lex37188.1
κρίνον,urn:cite:perseus:lexentity.lex36783.1
κρίνω,urn:cite:perseus:lexentity.lex36784.1
κάρον,urn:cite:perseus:lexentity.lex29388.1
κράς,urn:cite:perseus:lexentity.lex36737.1
κόρση,urn:cite:perseus:lexentity.lex38499.1
κόρσης,urn:cite:perseus:lexentity.lex38500.1
κόρυς,urn:cite:perseus:lexentity.lex38512.1
κρύψις,urn:cite:perseus:lexentity.lex37436.1
Κῶς,none
ἐκάς,urn:cite:perseus:lexentity.lex102606.1
κίς,urn:cite:perseus:lexentity.lex29686.1
Κάσος,none
ἀκτή,urn:cite:perseus:lexentity.lex85438.1
ἀκτέα,urn:cite:perseus:lexentity.lex85431.1
κτείνω,urn:cite:perseus:lexentity.lex37482.1
ἀκτάζω,urn:cite:perseus:lexentity.lex85430.1
κάτος,urn:cite:perseus:lexentity.lex29468.1
κτύπος,urn:cite:perseus:lexentity.lex37547.1
κτυπέω,urn:cite:perseus:lexentity.lex37542.1
κάτω,urn:cite:perseus:lexentity.lex29475.1
κυνώ,urn:cite:perseus:lexentity.lex38023.1
κυνέα,urn:cite:perseus:lexentity.lex37882.1
κυνέη,urn:cite:perseus:lexentity.lex37883.1
κυνάω,urn:cite:perseus:lexentity.lex37881.1
κυρτός,urn:cite:perseus:lexentity.lex38106.1
Κύφος,none
ἀκέω,urn:cite:perseus:lexentity.lex84708.1
κίω,urn:cite:perseus:lexentity.lex29709.1
κωλύω,urn:cite:perseus:lexentity.lex38230.1
ἀέκων,urn:cite:perseus:lexentity.lex82928.1
κύων,urn:cite:perseus:lexentity.lex38692.1
κωφός,urn:cite:perseus:lexentity.lex38353.1
ἁλή,urn:cite:perseus:lexentity.lex97660.
λαβή,urn:cite:perseus:lexentity.lex39073.1
λαγχάνω,urn:cite:perseus:lexentity.lex39156.1
ἰλαδόν,urn:cite:perseus:lexentity.lex116297.1
λαμβάνω,urn:cite:perseus:lexentity.lex39343.1
λίαν,urn:cite:perseus:lexentity.lex38971.1
λανθάνω,urn:cite:perseus:lexentity.lex39426.1
Λάας,none
λαός,urn:cite:perseus:lexentity.lex39625.1
λώβη,urn:cite:perseus:lexentity.lex41620.1
λίγγω,urn:cite:perseus:lexentity.lex38981.1
λέγος,urn:cite:perseus:lexentity.lex38904.1
λήγω,urn:cite:perseus:lexentity.lex38954.1
λέγω1,multiple
λέγω2,multiple
λέγω3,multiple
λεία,urn:cite:perseus:lexentity.lex39641.1
λείβω,urn:cite:perseus:lexentity.lex39646.1
λεύκη,urn:cite:perseus:lexentity.lex40220.1
λεκτός,urn:cite:perseus:lexentity.lex39808.1
λεπτός,urn:cite:perseus:lexentity.lex39985.1
λείπω,urn:cite:perseus:lexentity.lex39652.1
λεπόω,urn:cite:perseus:lexentity.lex40005.1
λευκόν,urn:cite:perseus:lexentity.lex40145.1
λευκάς,urn:cite:perseus:lexentity.lex40039.1
λίζω,urn:cite:perseus:lexentity.lex38987.1
ληίς,urn:cite:perseus:lexentity.lex40245.1
Λητώ,none
λήθη,urn:cite:perseus:lexentity.lex38958.1
λάθρῃ,urn:cite:perseus:lexentity.lex38804.1
λιγύς,urn:cite:perseus:lexentity.lex40423.1
λιθόομαι,urn:cite:perseus:lexentity.lex40547.1
λιθόω,urn:cite:perseus:lexentity.lex40554.1
λιμνει,none 
Ἴλιον,none
λήιον,urn:cite:perseus:lexentity.lex38960.1
Ἴλιος,none
λιτός,urn:cite:perseus:lexentity.lex40923.1
ἀλκή,urn:cite:perseus:lexentity.lex85852.1
Λύκιος,none
λύκος,urn:cite:perseus:lexentity.lex41594.1
ἑλκέω,urn:cite:perseus:lexentity.lex112155.1
ἀλλά,urn:cite:perseus:lexentity.lex85875.
Ἰάλμενος,none
λίμνη,urn:cite:perseus:lexentity.lex39000.1
Λῆμνος,none
λίνον,urn:cite:perseus:lexentity.lex39016.1
λίνος,urn:cite:perseus:lexentity.lex39017.1
λάξ,urn:cite:perseus:lexentity.lex38837.1
λῆξισ,multiple
λέξις,urn:cite:perseus:lexentity.lex38922.1
λογόω,urn:cite:perseus:lexentity.lex41066.1
λοιβή,urn:cite:perseus:lexentity.lex41072.1
λοιβάομαι,urn:cite:perseus:lexentity.lex41070.1
λοιμός,urn:cite:perseus:lexentity.lex41095.1
λοιπάζω,urn:cite:perseus:lexentity.lex41100.1
λοιπάς,urn:cite:perseus:lexentity.lex41101.1
ἱλάομαι,urn:cite:perseus:lexentity.lex117246.1
λοπός,urn:cite:perseus:lexentity.lex41143.1
λούω,urn:cite:perseus:lexentity.lex41230.1
λίπα,urn:cite:perseus:lexentity.lex39020.1
λύπη,urn:cite:perseus:lexentity.lex41598.1
λίπος,urn:cite:perseus:lexentity.lex39025.1
λίπτομαι,urn:cite:perseus:lexentity.lex39027.1
λάπτω,urn:cite:perseus:lexentity.lex38850.1
λέπω,urn:cite:perseus:lexentity.lex38940.1
λίσ,multiple
ἁλίς,urn:cite:perseus:lexentity.lex97700.1
λίς,none
λύσις,urn:cite:perseus:lexentity.lex41607.1
ἱλάσκομαι,urn:cite:perseus:lexentity.lex117249.1
λίσσομαι,urn:cite:perseus:lexentity.lex39034.1
λυγρός,urn:cite:perseus:lexentity.lex41257.1
Λυκία,none
λυκόω,urn:cite:perseus:lexentity.lex41318.1
λυπέω,urn:cite:perseus:lexentity.lex41330.1
λόφος,urn:cite:perseus:lexentity.lex41552.1
λάχη,urn:cite:perseus:lexentity.lex38885.1
λάχνη,urn:cite:perseus:lexentity.lex38887.1
λέχος,urn:cite:perseus:lexentity.lex38947.1
ὁλάω,urn:cite:perseus:lexentity.lex120863.1
λόω,urn:cite:perseus:lexentity.lex41562.1
λάω1,multiple
λάω2,multiple
λέων,urn:cite:perseus:lexentity.lex38951.1
λωτός,urn:cite:perseus:lexentity.lex41523.1
λωίων,urn:cite:perseus:lexentity.lex41478.1
ἠμί,urn:cite:perseus:lexentity.lex114804.1
μά,urn:cite:perseus:lexentity.lex41691.1
μακρός,urn:cite:perseus:lexentity.lex42384.1
μανθάνω,urn:cite:perseus:lexentity.lex42539.1
μαίνομαι,urn:cite:perseus:lexentity.lex42101.1
ἆμαρ,none
μαστός,urn:cite:perseus:lexentity.lex42744.1
ματάω,urn:cite:perseus:lexentity.lex42760.1
μαχάω,urn:cite:perseus:lexentity.lex42821.1
μέγας,urn:cite:perseus:lexentity.lex41848.1
μίγδα,urn:cite:perseus:lexentity.lex42033.1
Μέγης,none
μόγις,urn:cite:perseus:lexentity.lex46659.1
μίγνυμι,urn:cite:perseus:lexentity.lex42036.1
μόγος,urn:cite:perseus:lexentity.lex46660.1
μήδομαι,urn:cite:perseus:lexentity.lex41983.1
μῆδοσ,multiple
ERROR: ambiguous pkey for μῆδος,
Μέδων,none
μεθό,urn:cite:perseus:lexentity.lex43206.1
μειόω,urn:cite:perseus:lexentity.lex43275.1
μείς,urn:cite:perseus:lexentity.lex42884.1
μεσόω,urn:cite:perseus:lexentity.lex44008.1
μετά,urn:cite:perseus:lexentity.lex44013.1
μεταί,urn:cite:perseus:lexentity.lex44081.1
μείων,urn:cite:perseus:lexentity.lex42886.1
μηδέ,urn:cite:perseus:lexentity.lex44669.1
μηδείς,urn:cite:perseus:lexentity.lex44686.1
μηνίω,urn:cite:perseus:lexentity.lex44811.1
μηρία,urn:cite:perseus:lexentity.lex44836.1
μηρίς,urn:cite:perseus:lexentity.lex44838.1
μητρίς,urn:cite:perseus:lexentity.lex44862.1
μέθη,urn:cite:perseus:lexentity.lex41859.1
μιαίνω,urn:cite:perseus:lexentity.lex44951.1
μικρός,urn:cite:perseus:lexentity.lex45061.1
μισθός,urn:cite:perseus:lexentity.lex45269.1
μισέω,urn:cite:perseus:lexentity.lex45205.1
μάκαρ,urn:cite:perseus:lexentity.lex41717.1
μήκων,urn:cite:perseus:lexentity.lex41987.1
μάλα,urn:cite:perseus:lexentity.lex41737.1
μέλας,urn:cite:perseus:lexentity.lex41871.1
μάλη,urn:cite:perseus:lexentity.lex41744.1
μέλι,urn:cite:perseus:lexentity.lex41879.1
μέλλω,urn:cite:perseus:lexentity.lex41893.1
μῆλον1,multiple
μῆλον2,multiple
μέλος,urn:cite:perseus:lexentity.lex41894.1
μέλω,urn:cite:perseus:lexentity.lex41899.1
ἠμέν,urn:cite:perseus:lexentity.lex114803.1
μήν,urn:cite:perseus:lexentity.lex41996.1
ὑμήν1,multiple
ὑμήν2,multiple
μήνιον,urn:cite:perseus:lexentity.lex42000.1
μένος,urn:cite:perseus:lexentity.lex41911.1
μάντις,urn:cite:perseus:lexentity.lex41771.1
μένω,urn:cite:perseus:lexentity.lex41915.1
μόνως,urn:cite:perseus:lexentity.lex46700.1
μοιράω,urn:cite:perseus:lexentity.lex45490.1
μολπή,urn:cite:perseus:lexentity.lex45563.1
μολπάζω,urn:cite:perseus:lexentity.lex45561.1
μάομαι,urn:cite:perseus:lexentity.lex41777.1
μονόω,urn:cite:perseus:lexentity.lex45921.1
μορφή,urn:cite:perseus:lexentity.lex45965.1
μορφάζω,urn:cite:perseus:lexentity.lex45963.1
μορφάω,urn:cite:perseus:lexentity.lex45964.1
Μοῦσα,none
ἄμπ,none
ἄμπν,none
μήπως,urn:cite:perseus:lexentity.lex42008.1
μόριον,urn:cite:perseus:lexentity.lex46710.1
μόριος,urn:cite:perseus:lexentity.lex46711.1
μόρον,urn:cite:perseus:lexentity.lex46714.1
μέρος,urn:cite:perseus:lexentity.lex41926.1
ἁμόσ,urn:cite:perseus:lexentity.lex97959.1
ἱμάς,urn:cite:perseus:lexentity.lex117280.1
μής,urn:cite:perseus:lexentity.lex42016.1
μέση,urn:cite:perseus:lexentity.lex41937.1
μέσης,urn:cite:perseus:lexentity.lex41938.1
μέσος,urn:cite:perseus:lexentity.lex41941.1
μέσφα,urn:cite:perseus:lexentity.lex41955.1
μήτε,urn:cite:perseus:lexentity.lex42018.1
μέτειμι1,multiple
μάτη,urn:cite:perseus:lexentity.lex41828.1
μάτην,urn:cite:perseus:lexentity.lex41829.1
μήτηρ,urn:cite:perseus:lexentity.lex42020.1
μήτις,urn:cite:perseus:lexentity.lex42022.1
μάτος,urn:cite:perseus:lexentity.lex41831.1
μήτρα,urn:cite:perseus:lexentity.lex42024.1
μέτρον,urn:cite:perseus:lexentity.lex41975.1
μυκάομαι,urn:cite:perseus:lexentity.lex46210.1
μυρίος,urn:cite:perseus:lexentity.lex46330.1
μυρίς,urn:cite:perseus:lexentity.lex46333.1
Μυσός,none
μυχός,urn:cite:perseus:lexentity.lex46581.1
μυάω,urn:cite:perseus:lexentity.lex46113.1
ἀμφί,urn:cite:perseus:lexentity.lex86794.1
μάχη,urn:cite:perseus:lexentity.lex41835.1
μάχομαι,urn:cite:perseus:lexentity.lex41840.1
μέχρι,urn:cite:perseus:lexentity.lex41978.1
μάψ,urn:cite:perseus:lexentity.lex41841.1
ἐμέω,urn:cite:perseus:lexentity.lex104194.1
μύω,urn:cite:perseus:lexentity.lex46825.1
ἀμάω1,multiple
ἐάν,urn:cite:perseus:lexentity.lex101903.1
ἀνά,urn:cite:perseus:lexentity.lex87339.1
νή,urn:cite:perseus:lexentity.lex46985.1
ἄν1,multiple
ἄν2,multiple
νέα,urn:cite:perseus:lexentity.lex46932.1
ναί,urn:cite:perseus:lexentity.lex47059.1
ἡνία1,multiple
ἡνία2,multiple
Ναιάς,none
Ναίς,none
ναίω1,multiple
ναίω2,multiple
ἁνδάνω,urn:cite:perseus:lexentity.lex97962.1
νειός,urn:cite:perseus:lexentity.lex47400.1
ἐν-εἰμί,none
νεώς,urn:cite:perseus:lexentity.lex47905.1
νευρά,urn:cite:perseus:lexentity.lex47682.1
νεάω,urn:cite:perseus:lexentity.lex47316.1
Ῥήνη,none
νηλής,urn:cite:perseus:lexentity.lex47935.1
ἐνίημι,urn:cite:perseus:lexentity.lex104821.1
νόησις,urn:cite:perseus:lexentity.lex48564.1
νηέω,urn:cite:perseus:lexentity.lex47922.1
νόθος,urn:cite:perseus:lexentity.lex48566.1
νικάω,urn:cite:perseus:lexentity.lex48061.1
νήιος,urn:cite:perseus:lexentity.lex46993.1
νίκη,urn:cite:perseus:lexentity.lex47039.1
νέκυς,urn:cite:perseus:lexentity.lex46948.1
ἀνά-λάζω,none
ἀνά-λάω1,none
ἀνά-λάω2,none
ἐν-ἠμί,none
Νόμος,none
νόμος,urn:cite:perseus:lexentity.lex48574.1
νύμφη,urn:cite:perseus:lexentity.lex48601.1
νύξ,urn:cite:perseus:lexentity.lex48605.1
νύξις,urn:cite:perseus:lexentity.lex48606.1
νομή,urn:cite:perseus:lexentity.lex48141.1
νέομαι,urn:cite:perseus:lexentity.lex46959.1
νομεύς,urn:cite:perseus:lexentity.lex48158.1
νομάζω,urn:cite:perseus:lexentity.lex48137.1
νομός,urn:cite:perseus:lexentity.lex48205.1
ἡνίον,urn:cite:perseus:lexentity.lex115586.1
νόος,urn:cite:perseus:lexentity.lex48576.1
νοέω,urn:cite:perseus:lexentity.lex48111.1
νάπη,urn:cite:perseus:lexentity.lex46910.1
νήπιος,urn:cite:perseus:lexentity.lex47007.1
νάπος,urn:cite:perseus:lexentity.lex46911.1
ἀνήρ,urn:cite:perseus:lexentity.lex87734.1
νέρθε,urn:cite:perseus:lexentity.lex46966.1
Νῖσα,none
νύσσα,urn:cite:perseus:lexentity.lex48608.1
νύσσω,urn:cite:perseus:lexentity.lex48609.1
νόσφι,urn:cite:perseus:lexentity.lex48586.1
ἀντί,urn:cite:perseus:lexentity.lex90169.1
ἀντιβολέω,urn:cite:perseus:lexentity.lex90626.1
Νότος,none
νότος,urn:cite:perseus:lexentity.lex48590.1
ἀντάω,urn:cite:perseus:lexentity.lex90139.1
νυνί,urn:cite:perseus:lexentity.lex48479.1
νυνδί,urn:cite:perseus:lexentity.lex48481.1
νυός,urn:cite:perseus:lexentity.lex48500.1
ἀνά-φημί,none
νέφος,urn:cite:perseus:lexentity.lex46973.1
ἀνύω,urn:cite:perseus:lexentity.lex91525.1
νάω,urn:cite:perseus:lexentity.lex46931.1
νέω_,multiple
ἄνω1,multiple
νέω1,multiple
ἄνω2,multiple
νέω2,multiple
νέω3,multiple
ἐξ,none
ἀξία,urn:cite:perseus:lexentity.lex91545.1
ξανθός,urn:cite:perseus:lexentity.lex48711.1
ξανθόω,urn:cite:perseus:lexentity.lex48717.1
ξαίνω,urn:cite:perseus:lexentity.lex48690.1
ἔξειμι2,urn:cite:perseus:lexentity.lex113645.1
ξενόω,urn:cite:perseus:lexentity.lex48803.1
ἐξίημι,urn:cite:perseus:lexentity.lex106142.1
ξηρά,urn:cite:perseus:lexentity.lex48820.1
ξηρός,urn:cite:perseus:lexentity.lex48862.1
ἀξιάω,urn:cite:perseus:lexentity.lex91555.1
ξύλον,urn:cite:perseus:lexentity.lex48969.1
ξένη,urn:cite:perseus:lexentity.lex48671.1
Ξάνθος,none
ξένιος,urn:cite:perseus:lexentity.lex48673.1
ξένοσ,multiple
ξένος,multiple
ξος,none
ὀξύς,urn:cite:perseus:lexentity.lex119574.1
ξυλόω,urn:cite:perseus:lexentity.lex49016.1
ξυρόν,urn:cite:perseus:lexentity.lex49050.1
ξυρός,urn:cite:perseus:lexentity.lex49051.1
ξυρέω,urn:cite:perseus:lexentity.lex49035.1
ξυστόν,urn:cite:perseus:lexentity.lex49080.1
ξυστόσ,multiple
ξυστός,multiple
ξίφος,urn:cite:perseus:lexentity.lex48689.1
ἀξίω,none
ξέω,urn:cite:perseus:lexentity.lex48682.1
ῥοή,urn:cite:perseus:lexentity.lex127204.1
οἰ,none
οὐδέ,urn:cite:perseus:lexentity.lex49665.1
οὐδείς,urn:cite:perseus:lexentity.lex49686.1
οὐδόσ,multiple
οὐδός,multiple
οἰκία,urn:cite:perseus:lexentity.lex49153.1
οἰκίον,urn:cite:perseus:lexentity.lex49157.1
οὐλή,urn:cite:perseus:lexentity.lex49712.1
οὐλαί,urn:cite:perseus:lexentity.lex49714.1
οὖλοσ,multiple
οὖλοϲ,multiple
ERROR: ambiguous pkey for οὖλος,
οὔλω,none
οὐλέω,urn:cite:perseus:lexentity.lex49711.1
´ομαι,none
ἰάομαι,urn:cite:perseus:lexentity.lex115974.1
Οἴμη,none
ῥέον,urn:cite:perseus:lexentity.lex126763.1
οὖρο?,none
οὖρον1,multiple
οὖρον2,multiple
οὖροσ,multiple
οὖροϲ,multiple
ορος,none
ERROR: ambiguous pkey for οὖρος,
Ἴος,none
ῥέος,urn:cite:perseus:lexentity.lex126764.1
ῥοάς,urn:cite:perseus:lexentity.lex127203.1
οὐσία,urn:cite:perseus:lexentity.lex49866.1
οἰστός,multiple
οὐτίς,urn:cite:perseus:lexentity.lex49884.1
οὐτάω,urn:cite:perseus:lexentity.lex49882.1
οἰάω,urn:cite:perseus:lexentity.lex49115.1
ἀπό,urn:cite:perseus:lexentity.lex94359.1
πόα,urn:cite:perseus:lexentity.lex64005.1
παλέω,urn:cite:perseus:lexentity.lex50783.1
παπάω,urn:cite:perseus:lexentity.lex51602.1
παρά,urn:cite:perseus:lexentity.lex51636.1
παρών,urn:cite:perseus:lexentity.lex53478.1
παρέξ,urn:cite:perseus:lexentity.lex51882.1
παρόω,urn:cite:perseus:lexentity.lex53474.1
πατέομαι,urn:cite:perseus:lexentity.lex53565.1
πατήρ,urn:cite:perseus:lexentity.lex53568.1
πατρίς,urn:cite:perseus:lexentity.lex53587.1
παχύς,urn:cite:perseus:lexentity.lex53726.1
παύω,urn:cite:perseus:lexentity.lex53740.1
πάγη,urn:cite:perseus:lexentity.lex49962.1
πήγνυμι,urn:cite:perseus:lexentity.lex50393.1
πάγος,urn:cite:perseus:lexentity.lex49979.1
πάγχυ,urn:cite:perseus:lexentity.lex49989.1
πέδιον,urn:cite:perseus:lexentity.lex50250.1
ἐπεί,urn:cite:perseus:lexentity.lex108091.1
πεδίον,urn:cite:perseus:lexentity.lex53766.1
πεζός,urn:cite:perseus:lexentity.lex53833.1
πείθω,urn:cite:perseus:lexentity.lex53752.1
ἔπειμι1,urn:cite:perseus:lexentity.lex113711.1
ἔπειμι2,urn:cite:perseus:lexentity.lex113711.1
πειράζω,urn:cite:perseus:lexentity.lex53857.1
πειράω,urn:cite:perseus:lexentity.lex53858.1
ἠπειρωτικός,urn:cite:perseus:lexentity.lex114831.1
πελάω,urn:cite:perseus:lexentity.lex53897.1
πεπλος,none
περί,urn:cite:perseus:lexentity.lex54377.1
περί-ὕω,none
περάω1,multiple
πέζα,urn:cite:perseus:lexentity.lex50258.1
πηγή,urn:cite:perseus:lexentity.lex56059.1
πηγάζω,urn:cite:perseus:lexentity.lex56054.1
πηγάς,urn:cite:perseus:lexentity.lex56058.1
πηδάω,urn:cite:perseus:lexentity.lex56080.1
πηρός,urn:cite:perseus:lexentity.lex56158.1
πηός,urn:cite:perseus:lexentity.lex56169.1
πόθεν,urn:cite:perseus:lexentity.lex64012.1
πάθη,urn:cite:perseus:lexentity.lex49992.1
πόθι,urn:cite:perseus:lexentity.lex64015.1
πάθος,urn:cite:perseus:lexentity.lex49996.1
πύθω,none
ἐπικουρέω,none
ERROR: ambiguous pkey for ἄπιος,
πιπίσκω,urn:cite:perseus:lexentity.lex56340.1
πιστόν,urn:cite:perseus:lexentity.lex56404.1
πιστόσ,multiple
πιστός,multiple
πύκα,urn:cite:perseus:lexentity.lex64119.1
ὁπλή,urn:cite:perseus:lexentity.lex121498.1
πάλα,urn:cite:perseus:lexentity.lex50001.1
πάλαι,urn:cite:perseus:lexentity.lex50002.1
πέλας,urn:cite:perseus:lexentity.lex50268.1
πλατύς,urn:cite:perseus:lexentity.lex56720.1
πλείων,urn:cite:perseus:lexentity.lex56734.1
πάλη,urn:cite:perseus:lexentity.lex50007.1
πληγή,urn:cite:perseus:lexentity.lex56849.1
Πύλης,none
πάλιν,urn:cite:perseus:lexentity.lex50009.1
πόλις,urn:cite:perseus:lexentity.lex64026.1
πάλλω,urn:cite:perseus:lexentity.lex50017.1
πλήν,urn:cite:perseus:lexentity.lex56514.1
Πύλος,none
ἁπλόος,urn:cite:perseus:lexentity.lex99033.1
πλέος,urn:cite:perseus:lexentity.lex56501.1
Πέλοψ,none
πλήρης,
ἁπλός,
πλήσσω,
ἁπλόω,
πέλω,
πλέω,
πλέως,
πόμα,
πῶμα1,
πῶμα2,
πίμπλημι,
πίμπρημι,
πέμπω,
ἐπάν,
πνοή,
πόνος,
πάντῃ,
πέντε,
πόντος,
πάνυ,
πίνω,
πνέω,
πύξ,
πού,
ποώδης,
ποδίς,
ποδόω,
ποθή,
Ποινή,
ποιός,
ποιέω,
πολύς,
πολέω,
πάομαι,
πομπή,
πομπεύς,
πούς,
ποσόω,
ποτέ,
ποτόν,
ποτάομαι,
ποτός,
ἱππόδαμος,
Ἱππόθοος,
πέπλος,
Ἱπποδάμεια,
Ἱπποδάμειον,
πόποι,
ἱππότης,
πίπτω,
πέπων,
ὑπέρ,
πέρ,
πρό,
πέρα,
πέραν,
πύργος,
πάρειμι1,
Πέρευς,
πρώην,
πρήθω,
πρώιος,
Πάρις,
πρίν,
προίημι,
πρό-ἰάομαι,
προσίημι,
πρέπω,
πρός,
πρόσω,
πρότερος,
πόρω,
πρό-ἱέω,
πρωί,
πόσε,
πόσισ,
πίσον,
πίσος,
πίσσα,
πάσσος,
πάσσω,
ἑπτά,
ὁπότε,
πότε,
πτερόν,
πτηνός,
πότης,
πότις,
πότος,
πέτρα,
ἑπτάς,
ῥίπτω,
Πυθώ,
Πυθών,
πυκνός,
πυλόω,
πυρά,
πυρεύς,
πυράζω,
πυρήν,
πυρός,
πυρόω,
ῥέπω,
πωλέομαι,
πωλέω,
πίων,
ἀήρ,
ἀρή,
ἐώρα,
ἀραρίσκω,
ὀργή,
ὀργάζω,
ἀργόσ,
ἀργός,
ὀργάω,
ἔργω1,
ἀράζω,
Ἄρης,
ὀρθός,
Ἄρις,
ὁρμή,
ἕρμα1,
ἕρμα2,
ὁρμάζω,
ὁρμάω,
ἀρνός,
ἀράομαι,
ἔροσ,
ἀρίς,
ἀρτάω,
ἀρχή,
ἀρόω,
ἐράω1,
ἐράω2,
ἰόσ,
σύ,
ἰός,
σαφής,
σαόω,
σβέννυμι,
ὡσεί,
σεύω,
σηκός,
Ἀσίης,
ἰσόθεος,
ἐσθίω,
σιγή,
σιγάζω,
σιγάω,
Ἄσιος,
σιωπή,
σιωπάω,
σκαιός,
σκηνή,
σκηνάω,
ἀσκός,
σκότος,
σέλας,
Σόλοι,
Σόλων,
σμικρός,
Σάμος,
σύν,
σύνειμι1,
σορός,
σόος,
σοφός,
σοφόω,
σοέω,
ὅσπερ,
σπάνις,
σπέος,
σπυράς,
σάρξ,
σός,
ὄσσε,
ἀίσσω,
ἑστία,
στέαρ,
στατός,
στείχω,
στάζω,
ἑστιάω,
στόμα,
στοά,
ἱστοδόκη,
ἱστίον,
ἱστορέω,
Στύρα,
ἱστός,
στίχος,
συκάζω,
συμμαχέω,
συνίημι,
σάφα,
σφάζω,
σφός,
σφυρόν,
ἰσχανάω,
σχάζω,
ἰσχύς,
σχάω,
ἰσόω,
σέω,
ταχύς,
τάγης,
ἠύτε,
τελέω,
τεός,
τίη,
τίθημι,
τόθι,
ὅτι1,
ὅτι2,
τιμή,
τιμάω,
τίκτω,
τήλη,
τέλος,
τλάω,
Τμῶλος,
τέμνω,
Τίνα,
τόνος,
τόξον,
ἆτος,
τέος,
τοτέ,
τόπος,
τίπτε,
τύπτω,
ἀτάρ,
τρία,
Τροία,
Τρώς,
Τρῳάς,
τρίς,
τρέφω,
Τρωιός,
Τρωάς,
τίς,
τίσις,
τάτα,
τότε,
ἡττάω,
τυγχάνω,
τάφοσ,
τόφρα,
τύφω,
τάχα,
τύχη,
τάχος,
τίω,
ῥυμός,
υἱός,
ἀυτή,
ἀυτέω,
υἱόω,
ὑφή,
φή,
φανή,
φανόσ,
φαίνω,
φανάω,
Φόβος,
φόβος,
ὀφείλω,
Φεραί,
φηγός,
φημί,
ἐφίημι,
φθάνω,
Φθῖος,
φιλέω,
ἀφήκω,
φλόξ,
φίλος,
φήμη,
Φοῖβος,
φοξός,
φορά,
φάος,
Φήρ,
ἀφράζω,
φράζω,
Φᾶρις,
φρήν,
φρίξ,
ἀφρός,
φέρω,
φρέω,
φώς,
φάτης,
φάτις,
φυή,
φυγή,
φυτόν,
φυτός,
φύω,
φωνή,
φωνέω,
φόως,
ἠχή,
χαρά,
χαίρω,
χείρ,
ἀχεύω,
χθών,
χιών,
χίλιοι,
χίλιος,
χόλος,
χολή,
ERROR: ambiguous pkey for χοῦς,
ἰχώρ,
χρή,
χώρα,
χρεώ,
χροιά,
χράομαι,
χρώς,
Χρύση,
Χρύσης,
χυτός,
ἰάχω,
ἠχέω,
χάω,
ἀχέω2,
χωράζω,
χωρέω,
ὀψέ,
ψέγω,
ψιλός,
ψιλόω,
ἄψις,
ἁψίς,
ψυχή,
ψυχάζω,
ψύχω,
ὑψόω,
´ω,
ἱέω,
ἰωή,
ἄω1,
ἀίω1,
ἄω3,
Ἰωκή,
Ἴων,
